2024/12/16 11:33,月星座でよみとく✨Keikoの新月満月占い✨【月星座別】2024年12月15日～31日の運勢  12月15日　18:03双子座♊️満月🌕ラッキースター木星と月🌕が並んで輝く、2024年のクライマックスの満月。宇宙のサンタクロースの異名を持つ木星の祝福はいつも以上に派手なパワーを放ちます。そのエネルギーをめいっぱい受け取るためにも、この日はぜひ空🌌を見上げて。特にあなたが広めたいこと、宣伝したいことをより多くの人に届けるサポートをしてくれるので、何かの告知には最適ないいタイミングです！12月後半の運勢を参考にますます運気アップ⤴️していきましょう💖絶賛公開中☪️皆様ぜひご覧ください✨https://www.harpersbazaar.com/jp/horoscopes/moon-power/a60302867/moon-astrology-top/LINE VOOM,38498,1016,321,-,-,
2024/12/14 18:00,2024年12月15日は、双子座満月。双子座木星期で起こる最初で最後の「双子座満月」です。今回の満月は、月とラッキースター木星がコンジャンクションし「一生モノの幸運力」を得られます。そんな双子座満月のラッキーアクションをKeikoがお伝えします。https://moon.ks-selection.com/moonsign/new_fullmoon/geminifullmoon20241215/LINE VOOM,38493,17031,3689,-,-,
2024/12/12 10:13,🌙keiko's Message🌙anan恒例の占い特集🔮2025年前半、あなたの恋と運命。Keikoの月星座占いで知る、潜在的な魅力と、輝かせ方✨🎀絶賛発売中🎀https://amzn.asia/d/4m3aTy1LINE VOOM,38503,13951,1288,-,-,
2024/12/06 21:05,🌝keiko's Message🌝✨yoi✨Keikoの2025年上半期🗓️激動の全体運✨＆月星座別運勢💕をチェック！あなたの本音や大事にすべき事🍢おすすめの運気アップ⤴️コスメ💄もご紹介！ますます開運の波に🌊乗りましょう🌈絶賛掲載中🆙https://yoi.shueisha.co.jp/horoscope/moonsign/2025-2/LINE VOOM,38524,10766,3189,-,-,
2024/11/30 18:00,『Keikoさんが教える🌙ムーンウェルネス🌙12月の新月🌑&満月🌕を狙う『開運お出かけスポット』✨12月の新月旅✨（12月1日　射手座♐️新月🌑）✨12月の満月旅✨（12月15日　双子座♊️満月🌕）るるぶ&moreにて🌟絶賛公開中https://preview.rurubu.jp/andmore/preview/article/53558#Keiko #ムーンウェルネス #開運 #おでかけ #るるぶアンドmore#新月旅#満月旅#開運旅LINE VOOM,38516,11440,1511,-,-,
2024/11/28 14:28,🌔Harper's BAZAAR🌖 @harpersbazaarjapan 【 2025年星座占い】✨本格的な風の時代✨へ！2024年11月20日は、2025年以降の運勢が決まる時期大惑星🪐が次々と星座⭐️を移動する2025年はまさに激動の1年に。月星座占星術家であり、ルナロジーの提唱者・Keikoが、2024年末から2025年のターニングポイントとなる月日を解説。月星座別のアドバイス🌌も❣️ぜひともご覧ください✨https://www.harpersbazaar.com/jp/horoscopes/moon-power/a62877505/moon-horoscope-2025-241115-hb/LINE VOOM,38529,11335,2955,-,-,
2024/11/15 14:05,🌔Harper's BAZAAR🌖 @harpersbazaarjapan月星座でよみとく✨Keikoの新月満月占い✨【月星座別】2024年11月15日～30日の運勢 ✨11月16日 6:30✨牡牛座♉️満月🌕牡牛座♉️の満月がリッチなエネルギー。牡牛座は「お金💰」そのものを象徴するサイン。そのため、世の中でお金💰に関する動きが活発になるタイミング✨この日は少しの贅沢✨を楽しむのがおすすめ。満月🌕の豊かなパワー✨を味わい、リッチな波動を自分にインストール💕また、11月20日には、時代を動かす星・冥王星が水瓶座♒️に入ります。これは全人類にとって大きなターニングポイント🩵月星座別変化🌌を解説。牡牛座♉️満月🌕のパワーが、皆様に豊かさもたらしますように❤️11月後半の運勢を参考にますます運気アップ⤴️していきましょう💖絶賛公開中☪️皆様ぜひご覧ください✨https://www.harpersbazaar.com/jp/horoscopes/moon-power/a60302867/moon-astrology-top/,38464,8578,2292,-,-,
2024/11/15 06:00,2024年11月16日は、豊穣の月「牡牛座満月」です。富貴のエネルギーが高まり、新しい人脈や出会いがあなたの金脈を花開かせてくれるでしょう。そんな牡牛座満月のラッキーアクションをKeikoがお伝えしますhttps://moon.ks-selection.com/moonsign/new_fullmoon/taurusfullmoon20241116/LINE VOOM,38470,16797,3038,-,-,
2024/11/01 12:04,🌔Harper's BAZAAR🌖 @harpersbazaarjapan月星座でよみとく✨Keikoの新月満月占い✨【月星座別】2024年11月1日～15日の運勢 ✨11月1日 21:48✨蠍座♏️新月🌑この日、再生のエネルギーをもたらす蠍座♏️で新月🌑すでに終わったことが蘇り、諦めかけていたことに再トライ✨できるチャンス🌈この新月🌑のパワーを借りて、状況を動かしてみましょう。あなたが望んでいなくても、相手から復活のアクション💨があるかもしれません。全月共通のテーマは「再トライ✨」。過去とまったく同じやり方ではなく、形やアプローチ、関わるメンバーを工夫することで、新しい結果🎉を手にできるでしょう。蠍座♏️新月🌑のパワーが、皆様に豊かな再生パワーをもたらしますように❤️11月前半の運勢を参考にますます運気アップ⤴️していきましょう💖絶賛公開中☪️皆様ぜひご覧ください✨https://www.harpersbazaar.com/jp/horoscopes/moon-power/a60302867/moon-astrology-top/LINE VOOM,38425,9233,1996,-,-,
2024/10/31 20:03,2024年11月1日は蠍座新月。蠍座は金運を意味する星座ですが、同時に「変容」も促します。情熱が呼び覚まされ、考え方や生き方が大きく変化しそうです。そしてそれがリッチな人生へと導いてくれる可能性大。そんな蠍座新月を味方につけるラッキーアクションをKeikoがお伝えします。https://moon.ks-selection.com/moonsign/new_fullmoon/scorpionewmoon20241101/LINE VOOM,38429,13600,2581,-,-,
2024/10/31 17:35,『Keikoさんが教える🌙ムーンウェルネス🌙11月の新月🌑&満月🌕を狙う『開運お出かけスポット』✨11月の新月旅✨（11月1日　　蠍座♏️新月🌑）✨11月の満月旅✨（11月16日　牡牛座♉️満月🌕）るるぶ&moreにて🌟絶賛公開中https://rurubu.jp/andmore/article/22487LINE VOOM,38435,8685,808,-,-,
2024/10/22 06:00,2024年11月26日～12月16日は水星逆行in射手座です。今回の逆行のキーワードは「炎上注意」。風の時代で情報やSNSが発達しているからこそ、注目のキーワードですよね。今回の逆行ではどんなことが起こりやすいのか、そしてそれを回避する方法をKeikoがお伝えしますhttps://www.ks-selection.com/blog/life/mercuryretrograde202411261216/LINE VOOM,38455,18117,2425,-,-,
2024/10/21 06:00,🌝keiko's Message🌙✨ 『ananSPECIAL月星座パワーブック2025』 ✨2025年こそ、いい年になる？幸せ🌈になるにはどうしたら？運命の出会い🩷はいつある？わたしらしさ✨って何？運気がアップするパワースポット✨は？悩みの中にいる人にこそ知ってほしい月星座の秘密㊙️月星座を使いこなせば、運もチャンスも10倍に🆙愛・お金・成功……すべて手に入れる唯一の方法が1冊に。✨『ananSPECIAL月星座パワーブック2025』✨11月6日発売決定！予約受付開始！！特別袋とじ付録、あなたに必要なメッセージ「パールストーリー・タロット」がついてくる！本日予約スタート▶️https://www.amazon.co,38476,14531,487,17839,2585,
2024/10/18 17:15,🌖keiko's Message🌙✨JTBのカレンダー Keiko 日本🇯🇵のパワースポットカレンダー 2025✨ Keiko監修のもと、眺めるだけで旅して気分になり、運気が上がる日本🇯🇵の絶景✨を集めたカレンダー🗓️絶賛発売中☪️パワースポット🔆眺めてパワーをお家に呼び込みましょう！ 🔽ご購入はhttps://amzn.asia/d/1y3k1fP,38486,12666,468,15652,1567,
2024/10/16 09:48,🌔Harper's BAZAAR🌖 @harpersbazaarjapan月星座でよみとく✨Keikoの新月満月占い✨【月星座別】2024年10月15日～31日の運勢 ✨10月17日   20:28✨牡羊座♈️満月🌕今回の牡羊座♈️満月🌕は、12星座のトップバッター牡羊座❣️さらに前回に続いてスーパームーン🌕今年最も地球🌏に近づくため、月🌕の力がいつも以上に強力です。この満月🌕のエネルギーは、人間関係や仕事、恋愛、家庭など、さまざまな分野で「動き」が生まれ、手放すものがあるかもしれませんが、それによって新たに入ってくるものも期待できます。さらに、この満月の隣には「癒しの星」と呼ばれるキローン✨が輝き、過去に受けた心の傷🩸の癒しを促します。10月後半の運勢を参考にますます運気アップ⤴️していきましょう💖絶賛公開中☪️https://www.harpersbazaar.com/jp/horoscopes/moon-power/a60302867/moon-astrology-top/LINE VOOM,38484,9077,2123,-,-,
2024/10/16 06:00,2024年10月17日は牡羊座満月。地球に最も近い場所で起こるスーパームーンです。今回の満月はありのままの自分の魅力が最大限に輝き、さらにひとつの行動が全方位的な幸運へとつながっていきそうです。そんな牡羊座満月のエネルギーを受け取るアクションをKeikoがお伝えします。https://moon.ks-selection.com/moonsign/new_fullmoon/ariesfullmoon20241017/LINE VOOM,38495,13323,2404,-,-,
2024/10/04 20:16,『Keikoさんが教える🌙ムーンウェルネス🌙10月の新月🌑&満月🌕を狙う『開運お出かけスポット』✨10月の新月旅✨（10月3日　天秤座♎️新月🌚（金環日食）✨10月の満月旅✨（10月17日　牡羊座♈️満月🌕）るるぶ&moreにて🌟絶賛公開中詳しくはストーリーズをご覧下さい✈️https://rurubu.jp/andmore/article/22326LINE VOOM,38486,11564,1030,-,-,
2024/10/03 08:00,【Keiko'sPower Wish会員大募集✨】Keikoです♬10月に新規ご入会の方は初月無料で、Keiko最高峰の開運プログラムをお楽しみいただけますよ🌈その他、開運特典のご用意もございますのでセルフイメージの刷新が進む10月に新しい一歩を🌚🌝https://mi-mollet.com/articles/kpwa/50720,38491,19886,665,-,-,
2024/10/02 12:01,2024年10月3日は天秤座新月。この日はパワフルな金環日食も同時に起こります。今回の天秤座金環日食は、自分の新しい魅力に気づいたり、なりたい自分像が明確になったりと「自分自身」にエネルギーが向かいます。そんな天秤座金環日食を味方につける開運アクションをKeikoがお伝えします。https://moon.ks-selection.com/moonsign/new_fullmoon/libranewmoon20241003/LINE VOOM,38490,16564,2102,-,-,
2024/10/02 10:00,🌔Harper's BAZAAR🌖 @harpersbazaarjapan月星座でよみとく✨Keikoの新月満月占い✨【月星座別】2024年10月1日～15日の運勢 10月3日　3:50天秤座♎️新月🌚天秤座での新月を迎え、さらに金環日食なので新月🌚のパワーアップ版✨日本では観測できませんが、全人類に殻を破るための力⭐️を与えてくれます。今回は天秤座♎️で起こるため、人間関係の新旧交代ドラマ🎭があちこちで起こるはず。また外見のイメチェンは全員におすすめの開運アクション💙⭐️セルフイメージ⭐️を書き換えることは、人から見た第一印象を変えることになるだけでなく、あなた自身の「自分はこういう人間」という思い込みを解き放つきっかけになるでしょう🧡10月の前半の運勢を参考にますます運気アップ⤴️していきましょう💖絶賛公開中☪️皆様ぜひご覧ください✨https://www.harpersbazaar.com/jp/horoscopes/moon-power/a60302867/moon-astrology-top/LINE VOOM,38500,5199,1271,-,-,
2024/10/01 08:01,【Keiko'sPower Wish会員大募集】 Keikoです♬ 10月に新規ご入会の方は初月無料で、Keiko最高峰の開運プログラムをお楽しみいただけますよ,38514,15327,713,-,-,
2024/09/28 08:00,Keikoです♬ 11月20日、水瓶座への冥王星移動（100%風の時代へ突入！）を前に、10月は宇宙エネルギーが高まりますね～ エネルギー量は凄まじく❣️ まず10月3日は金環日食。天秤座新月の,38519,12660,1055,-,-,
2024/09/18 06:00,2024年9月18日は魚座満月。しかも、部分月食かつスーパームーンという非常にパワフルな浄化エネルギーが降り注ぎます。心の奥底にわだかまるネガティブな感情やトラウマなどを取り除き、新・風の時代へむけて土台を刷新する魚座スーパームーンを味方につけるラッキーアクションをKeikoがお伝えします。https://www.ks-selection.com/blog/new_fullmoon/piscesfullmoon20240918/LINE VOOM,38506,21061,3332,-,-,
2024/09/17 23:00,スーパームーン✕マゼンタパワーで７つのチャンスを引き寄せる！,38514,13573,560,-,-,
2024/09/17 10:30,🌔Harper's BAZAAR🌖 @harpersbazaarjapan月星座でよみとく✨Keikoの新月満月占い✨【月星座別】2024年9月15日～30日の運勢 9月18日　11:36魚座♓️満月🌕今回の魚座♓️満月🌕はスーパームーンで、なおかつ部分月食。かなりインパクト大✨の満月🌕です。月食は1つのサイクル🔄の終焉を暗示。世の中的にも、個人においても大きな出来事😠がありそう。とはいえ、9月の満月🌕は「ハーベスト（収穫）ムーン」であり、満月図でも土のグランドトラインと呼ばれる✨吉座相✨が形成されています。スムーズに次のサイクルに移行できる宇宙🪐がサポートしてくれるはずです❣️ 9月の後半の運勢を参考にますます運気アップ⤴️していきましょう💖絶賛公開中☪️皆様ぜひご覧ください✨https://www.harpersbazaar.com/jp/horoscopes/moon-power/a60302867/moon-astrology-top/LINE VOOM,38518,9095,1806,-,-,
2024/09/17 09:01,Keikoの開運無料アドバイス 9月18日は徹底浄化のスーパームーン‼️ パワーウィッシュを書くのは必須として、その前にインスピレーションのヒントをお届けします,38522,9156,642,-,-,
2024/09/17 08:00,Keiko出演ランチタイム開運インスタライブのお知らせ♬ いよいよ11月20日から始まる〝100%風の時代〟にむけて… 【9月　浄化と調整】 【10月　自己価値の底上げ⤴️】 【11月　徹底的,38527,6484,313,-,-,
2024/09/15 08:00,Keiko出演ランチタイム開運インスタライブのお知らせ♬ いよいよ11月20日から始まる〝100%風の時代〟にむけて… 【9月　浄化と調整】 【10月　自己価値の底上げ⤴️】 【11月　徹底的,38540,11796,446,-,-,
2024/09/13 18:19,🌝keiko's Message🌙『月星座ダイアリー2025」本日発売‼️『新月🌑始まり」 。それが運気アップ⤴️できる最大の秘訣🔑1日始まりの通常のダイアリーと異なり、 「新月始まり」。「月星座☪️」と聞いてピンとこない方も、まずはこのダイアリー📔にある月🌖のサイクルに合わせて予定を書き込んでみてください。徐々に思考がクリアになり、人生に迷いがなくなっていくのを実感いただけるはず✨詳しくはこちらをご覧ください💟https://www.amazon.co.jp/dp/4838732899LINE VOOM,38537,9238,641,-,-,
2024/09/13 08:00,Keiko出演ランチタイム開運インスタライブのお知らせ♬ いよいよ11月20日から始まる〝100%風の時代〟にむけて… 【9月　浄化と調整】 【10月　自己価値の底上げ⤴️】 【11月　徹底的,38546,9524,646,-,-,
2024/09/11 19:48,keiko's Message🌙【JTBのカレンダー Keiko 日本🇯🇵のパワースポットカレンダー 2025】💙本日9月11日発売開始🏁💙 Keiko監修のもと、眺めるだけで旅して気分になり、運気が上がる日本🇯🇵の絶景✨を集めたカレンダー🗓️が完成しました！ ひと足先にカレンダー🗓️の見本パラパラムービー📽️をお届け！絶賛発売中☪️https://amzn.asia/d/1y3k1fP,38565,18124,614,15327,1328,
2024/09/10 23:00,スーパームーン✕マゼンタパワーで７つのチャンスを引き寄せる！,38586,17683,793,-,-,
2024/09/04 19:29,🌝keiko's Message🌙新刊『愛❤️とお金💰そして宇宙🪐～もっと豊かに生きたいあなたに贈る222のメッセージ～』の発売🎉を記念し、『女子SPA！』で長年の友人である✨Keiko×アン ミカさんのスペシャル対談✨が実現💫二人の出会い😊から、知られざる関係性😳までじっくり聞かせてもらいました。前後編でお楽しみください🤍・前編https://joshi-spa.jp/1319035 ・後編https://joshi-spa.jp/1319037LINE VOOM,38596,13728,1380,-,-,
2024/09/04 10:00,『Keikoさんが教える🌙ムーンウェルネス🌙9月の新月🌑&満月🌕を狙う『開運お出かけスポット』✨9月の新月旅✨（9月3日　乙女座♍️新月🌚）✨9月の満月旅✨（9月18日　魚座♓️満月🌕）るるぶ&moreにて🌟絶賛公開中https://rurubu.jp/andmore/article/22154#Keiko #ムーンウェルネス #開運 #おでかけ #るるぶアンドmore#新月旅#満月旅#開運旅LINE VOOM,38600,10088,969,-,-,
2024/09/03 23:00,スーパームーン✕マゼンタパワーで７つのチャンスを引き寄せる！,38610,16052,667,-,-,
2024/09/02 12:05,🌔Harper's BAZAAR🌖 @harpersbazaarjapan月星座でよみとく✨Keikoの新月満月占い✨【月星座別】2024年9月1日～15日の運勢 9月3日　10:57乙女座♍️新月🌚世の中の動きに注目したい乙女座♍️の新月🌚。新月🌚に魚座♓️の土星、双子座♊️の木星がTスクエアを形成。「あなたはこの社会🌪️で何を果たしていくのか」がテーマ。同時に新しい習慣🎖️をスタート▶️させるのにいい日✨規則正しい生活✨、食生活🍴、健康🩺。この日から始めたことは生活✨にしっかりと根づくので、貯金💰やエクササイズ🤸など継続することでプラス➕を生む習慣を何か1つ始めてみるといいでしょう。 9月の前半の運勢を参考にますます運気アップ⤴️していきましょう💖絶賛公開中☪️皆様ぜひご覧ください✨https://www.harpersbazaar.com/jp/horoscopes/moon-power/a60302867/moon-astrology-top/LINE VOOM,38614,9291,1917,-,-,
2024/09/01 23:00,スーパームーン✕マゼンタパワーで７つのチャンスを引き寄せる！,38629,16196,877,-,-,
2024/08/30 23:00,スーパームーン✕マゼンタパワーで７つのチャンスを引き寄せる！,38644,19946,1242,-,-,
2024/08/30 11:53,🌝keiko's Message🌙「最近ツイてないな……」と感じたら、🟡ラッキーイエロー🟡が目印・開運手帳📔の出番です！『最近ツイてないな…」と感じる方こそ注目👀大きなツキ🌙を呼ぶと話題の大人気開運手帳📔のご予約が本日よりスタート▶️今年はラッキーイエロー🟡が目印です🌝Keikoさんの金言🌈を参考に記入例に沿って予定を書き込むだけ！ぜひご予約ください。https://www.amazon.co.jp/dp/4838732899,38648,18354,584,14776,1638,
2024/08/30 06:00,🌝keiko's Message🌙「最近ツイてないな……」と感じたら、🟡ラッキーイエロー🟡が目印・開運手帳📔の出番です！『最近ツイてないな…」と感じる方こそ注目👀大きなツキ🌙を呼ぶと話題の大人気開運手帳📔のご予約が本日よりスタート▶️今年はラッキーイエロー🟡が目印です🌝Keikoさんの金言🌈を参考に記入例に沿って予定を書き込むだけ！ぜひご予約ください。https://www.amazon.co.jp/dp/4838732899LINE VOOM,38651,11474,1882,-,-,
2024/08/21 20:00,ハードな向かい風をすべて追い風に変え、過去最高の自己肯定感を手に入れる開運チャーム,38645,14690,826,-,-,
2024/08/20 20:00,Keikoです♪ 10月17日は、巨大エネルギーが生まれる牡羊座満月のスーパームーン！ ✨ハードな向かい風をすべて追い風に変え、過去最高の自己肯定感を手に入れる開運チャームをプロデュースしましたよ,38656,13392,1075,-,-,
2024/08/19 20:00,Keikoです♪ 10月17日は、巨大エネルギーが生まれる牡羊座満月のスーパームーン！ ✨ハードな向かい風をすべて追い風に変え、過去最高の自己肯定感を手に入れる開運チャームをプロデュースしましたよ,38657,15341,1534,-,-,
2024/08/19 18:00,2024年8月20日は水瓶座満月。停滞した今の状況をブレイクスルーして、理想の自分になるために殻を破らせてくれる満月です。風の時代にふさわしい生き方やマインドへと変わらせてくれるこの満月のラッキーアクションをKeikoが解説いたします。https://moon.ks-selection.com/moonsign/new_fullmoon/aquariusfullmoon20240820/LINE VOOM,38660,14231,2174,-,-,
2024/08/19 08:00,Keikoランチタイム開運インスタLive出演 開運アクションを皆さまにお伝えします✨✨ 8月19日（月）13:00〜 ＠mimolletをフォローの上、配信をお待ちください♪,38672,17589,1066,-,-,
2024/08/17 08:00,Keikoランチタイム開運インスタLive出演 開運アクションを皆さまにお伝えします✨✨ 8月19日（月）13:00〜 ＠mimolletをフォローの上、配信をお待ちください♪,38674,18681,844,-,-,
2024/08/16 11:54,🌔Harper's BAZAAR🌖 @harpersbazaarjapan月星座でよみとく✨Keikoの新月満月占い✨【月星座別】2024年8月15日～31日の運勢 水瓶座♒️満月🌕8月20日　03:27スーパームーン🌕月と太陽、そして天王星がTスクエアを形成する、かなり強烈な⚡️満月🌕この水瓶座♒️満月はすべての人に「人生を改革せよ」というメッセージ📩があります✨変わることを恐れずまた大いなる転機(ハート)を見逃さず、スーパームーンの改革パワー✨を生かしていきましょう✨8月後半の運勢を参考にますます運気アップ⤴️していきましょう💖絶賛公開中☪️皆様ぜひご覧ください✨https://www.harpersbazaar.com/jp/horoscopes/moon-power/a60302867/moon-astrology-top/LINE VOOM,38680,9019,1728,-,-,
2024/08/07 13:44,🌙keiko's Message🌙🖋️女子SPA！編集部🖋️運✨のいい人💟は「習慣」が違う！“ついてる毎日”を送っている人の4つの特徴🎇🎀絶賛掲載中🎀https://joshi-spa.jp/1313541LINE VOOM,38698,19125,2313,-,-,
2024/08/05 11:27,🌔Harper's BAZAAR🌖@harpersbazaarjapan 🩵水星逆行期間🩵2024年8月5日〜29日今年二度目の水星逆行。通信や交通トラブル、コミュニケーションの行き違いにご注意👽水星逆行中、トラブルなく有意義に過ごすためには？絶賛公開中☪️皆様ぜひご覧ください✨https://www.harpersbazaar.com/jp/horoscopes/moon-power/a60327961/mercury-retrograde-240330-hb/#水星逆行#トラブル#コミュニケーション#ハーパスバザー #harperbazaarjapan#harpersbazaar #keiko#ルナロジー #lunalogyLINE VOOM,38707,10519,1790,-,-,
2024/08/05 07:00,【Keiko'sPower Wish恒例大人気プレゼント🎁】Keikoです♪ついに8/5より水星逆行がスタートします‼️毎年大好評いただいている水星逆行ZEROスマホ待ち受けを今年もご用意していますよ❤️📱願いをドンドン叶えていらっしゃるパワーウィッシャーの皆さまには水星逆行は強〜い味方👆…ともあれ。水星逆行のマイナス面だけを強力にブロックオフするスマホ待ち受けを有料メンバーシップで配布中♪水星逆行中の運気に乗るスマホ待ち受けで開運加速モードにSwitch🤍↓  ↓  ↓メンバーシップにご登録いただくと毎朝5:30のデイリーメルマガで届きます‼️【2024.7/22〜8/14まで】https://mi-mollet.com/list/info/pwm,38718,8388,1420,-,-,
2024/08/04 07:00,【Keiko'sPower Wish恒例大人気プレゼント🎁】Keikoです♪ついに8/5より水星逆行がスタートします‼️毎年大好評いただいている水星逆行ZEROスマホ待ち受けを今年もご用意していますよ❤️📱願いをドンドン叶えていらっしゃるパワーウィッシャーの皆さまには水星逆行は強〜い味方👆…ともあれ。水星逆行のマイナス面だけを強力にブロックオフするスマホ待ち受けを有料メンバーシップで配布中♪水星逆行中の運気に乗るスマホ待ち受けで開運加速モードにSwitch🤍↓  ↓  ↓メンバーシップにご登録いただくと毎朝5:30のデイリーメルマガで届きます‼️【2024.7/22〜8/14まで】https://mi-mollet.com/list/info/pwm,38728,10665,1771,-,-,
2024/08/03 07:00,【Keiko'sPower Wish恒例大人気プレゼント🎁】Keikoです♪ついに8/5より水星逆行がスタートします‼️毎年大好評いただいている水星逆行ZEROスマホ待ち受けを今年もご用意していますよ❤️📱願いをドンドン叶えていらっしゃるパワーウィッシャーの皆さまには水星逆行は強〜い味方👆…ともあれ。水星逆行のマイナス面だけを強力にブロックオフするスマホ待ち受けを有料メンバーシップで配布中♪水星逆行中の運気に乗るスマホ待ち受けで開運加速モードにSwitch🤍↓  ↓  ↓メンバーシップにご登録いただくと毎朝5:30のデイリーメルマガで届きます‼️【2024.7/22〜8/14まで】https://mi-mollet.com/list/info/pwm,38741,11506,2256,-,-,
2024/08/03 06:00,2024年8月4日は獅子座新月。人生は楽しんでこそ！というモットーの獅子座が今回与えてくれるのは、「日常の中での感動やワクワクが人生をより豊かに楽しいものにしてくれる」というメッセージ。それを通じて「自分らしさ」や「自己肯定感」「自信」も高めてくれそうです。そのエネルギーを取りこぼさず受け取るためのラッキーアクションをKeikoがご紹介しますhttps://moon.ks-selection.com/moonsign/new_fullmoon/leonewmoon20240804/LINE VOOM,38743,7223,1343,-,-,
2024/08/01 10:26,🌔Harper's BAZAAR🌖 @harpersbazaarjapan月星座でよみとく✨Keikoの新月満月占い✨【月星座別】2024年8月1日～15日の運勢 獅子座♌️新月🌚8月4日　20:14✨自分✨の在り方を見直し、強み💫や才能🌱を発見できる新月。自分らしいこと✨自分が好きなこと普段、社会人として忙しくしているとなかなか目を向けないことを考える機会を与えてくれるでしょう。唯一無二の「本当のあなた」をますます輝かせていきましょう🌈8月の前半の運勢を参考にますます運気アップ⤴️していきましょう💖絶賛公開中☪️皆様ぜひご覧ください✨https://www.harpersbazaar.com/jp/horoscopes/moon-power/a60302867/moon-astrology-top/,38749,19193,1384,-,-,
2024/07/31 19:42,『Keikoさんが教える🌙ムーンウェルネス🌙8月の新月🌑&満月🌕を狙う『開運お出かけスポット』✨8月の新月旅✨（8月4日　　　獅子座♌️新月🌚）✨8月の満月旅✨（8月20日　　水瓶座♒️満月 🌕）るるぶ&moreにて🌟絶賛公開中https://rurubu.jp/andmore/article/22010LINE VOOM,38758,14006,905,-,-,
2024/07/22 13:50,🌙keiko's Message🌙ESSE online✨人生をより豊か✨にするヒント🪄が散りばめられている『愛とお金、そして宇宙 もっと豊かに生きたいあなたに贈る222のメッセージ』運✨がいい人がやっている「3つの習慣」。を掲載中☪️🎀絶賛掲載中🎀https://esse-online.jp/articles/-/29250LINE VOOM,38770,13535,1704,-,-,
2024/07/21 12:00,✨新刊出版記念プレゼントキャンペーン　本日ご応募最終日✨Keiko待望の新刊『愛とお金そして宇宙～もっと豊かに生きたいあなたに贈る222のメッセージ～』の出版を記念して、ダブルプレゼントキャンペーンを開催中です♪🎁応募者全員に書籍にどうしても入れられなかった「2つの未公開原稿」をプレゼント🎁抽選で10名の方に「ムーンエッセンスティー」をダブルプレゼントキャンペーン応募締め切りは【本日7月21日（日）23:59まで】。皆さまのご応募、心よりお待ちしています(^^)https://moon.ks-selection.com/campaign/,38777,19836,1131,-,-,
2024/07/20 21:00,Keikoの開運無料アドバイス😉7/21の山羊座満月【2回目】は、実は…‼️全人類が見逃せない世紀のタイミングなの…‼️我々個人レベルではまさかの復活劇が効きますよ〜💪✨https://youtu.be/w5MhQVCJv4k,38777,19197,2117,-,-,
2024/07/20 08:00,7/20（土）12:30スタート予定☆ 時代の大・大・大変革期ついに到来‼️ Keikoが宇宙の風向きを解説します♪,38788,17622,1921,-,-,
2024/07/20 06:00,2024年7月21日はダブル山羊座満月の2回目。今回の満月は「成就」「完成」のエネルギーが満ちています。これまで頑張ってきたこと、続けてきたことに想像以上の結果や成果が出そうです。この満月の恩恵を取りこぼしなく受け取るラッキーアクションを、Keikoがお伝えします！https://moon.ks-selection.com/moonsign/new_fullmoon/capricornfullmoon0220240721/LINE VOOM,38792,10546,1735,-,-,
2024/07/19 21:00,Keikoの開運無料アドバイス😉7/21の山羊座満月【2回目】は、実は…‼️全人類が見逃せない世紀のタイミングなの…‼️我々個人レベルではまさかの復活劇が効きますよ〜💪✨https://youtu.be/w5MhQVCJv4k,38801,16636,1298,-,-,
2024/07/19 08:00,7/20（土）12:30スタート予定☆ 時代の大・大・大変革期ついに到来‼️ Keikoが宇宙の風向きを解説します♪,38807,17140,1638,-,-,
2024/07/16 15:41,🌔Harper's BAZAAR🌖 @harpersbazaarjapan月星座でよみとく✨Keikoの新月満月占い✨【月星座別】2024年7月15日～31日の運勢 山羊座♑️満月🌕7月21日　19:182024年は山羊座♑️満月🌕が2回あります。2回目となるのがこの日。山羊座♑️の29度という最終度数🔚で起こり、なおかつ破壊💥と再生✨の星、冥王星🌟と重なるため、『決着』「終止符」のイメージがよぎる満月🌕です。 7月の後半の運勢を参考にますます運気アップ⤴️していきましょう💖絶賛公開中☪️皆様ぜひご覧ください✨https://www.harpersbazaar.com/jp/horoscopes/moon-power/a60302867/moon-astrology-top/LINE VOOM,38814,10311,2223,-,-,
2024/07/07 06:00,2024年8月5日～29日は水星逆行期間です。今回の逆行は水星が乙女座にいるときからスタートし、途中獅子座へ移動し、その間に水瓶座満月がやってきます。今回の水星逆行は、大きな転機をもたらしてくれる可能性があります。それはいったいどんなことなのか、今回の逆行期間の解説と共にKeikoがお伝えしますhttps://moon.ks-selection.com/moonsign/life/mercuryretrograde20240805/LINE VOOM,38803,20396,3080,-,-,
2024/07/05 06:00,2024年7月6日は蟹座新月。月のパワーが一段と強くなるのが蟹座での新月。今回の新月は「自分の魅力再発見」がテーマ。そこから新しい出会いやご縁が生まれそうな気配です。蟹座新月パワーを余すところなく受け取るためのラッキーアクションを、Keikoがお伝えしますhttps://moon.ks-selection.com/moonsign/new_fullmoon/cancernewmoon20240706/LINE VOOM,38795,19979,2973,-,-,
2024/07/02 20:00,月星座別・注目パワーウィッシュDAY付き！ Keikoの2024年下半期 ✨月星座アドバイス✨ byパワーウィッシュアカデミー ラッキースター木星の追い風 大惑星の強運エクササイズ 注目の新月満,38801,16061,1950,-,-,
2024/07/02 12:01,Keikoです♪下半期のスタート7月は惑星たちのザワメキがとまりません😉開運の波乗りポイントをプレミア動画で公開中ですよ〜https://mi-mollet.com/articles/kpwa/49261,38813,17607,1498,-,-,
2024/07/01 20:00,月星座別・注目パワーウィッシュDAY付き！ Keikoの2024年下半期 ✨月星座アドバイス✨ byパワーウィッシュアカデミー ラッキースター木星の追い風 大惑星の強運エクササイズ 注目の新月満,38825,14757,1689,-,-,
2024/07/01 14:52,🌔Harper's BAZAAR🌖 @harpersbazaarjapan月星座でよみとく✨Keikoの新月満月占い✨【月星座別】2024年7月1日～15日の運勢 蟹座♋️新月🌚 7月6日　7:59家の変化は、幸運が訪れる前触れ「家🏠」がテーマ。「住環境の変化」家🏠の修理新たに大型の家具🪑一緒に暮らす人✨引っ越し⭐️etc家にまつわる何かを変えることによって、グンと運が良くなるのでぜひ行動を。また新月から15日は今まで眠っていた才能が目覚める暗示。この時期にひらめいたことは、実行❣️チャンスが舞い込み格段に収入がUP アップ🆙絶賛公開中☪️皆様ぜひご覧ください✨https://www.harpersbazaar.com/jp/horoscopes/moon-power/a60302867/moon-astrology-top/LINE VOOM,38833,7490,1021,-,-,
2024/07/01 12:02,Keikoです♪ 下半期のスタート7月は惑星たちのザワメキがとまりません 開運の波乗りポイントをプレミア動画で公開中ですよ〜,38842,13931,1223,-,-,
2024/07/01 06:00,✨新刊出版記念プレゼントキャンペーン開催中！✨Keiko待望の新刊『愛とお金そして宇宙～もっと豊かに生きたいあなたに贈る222のメッセージ～』の出版を記念して、ダブルプレゼントキャンペーンを開催中です♪🎁応募者全員に書籍にどうしても入れられなかった「2つの未公開原稿」をプレゼント🎁抽選で10名の方に「ムーンエッセンスティー」をダブルプレゼントキャンペーン期間は【7月21日（日）23:59まで】。皆さまのご応募、心よりお待ちしています(^^)https://moon.ks-selection.com/campaign/,38854,16840,897,-,-,
2024/06/30 18:00,『Keikoさんが教える🌙ムーンウェルネス🌙7月の新月🌑&満月🌕を狙う開運お出かけスポット』✨7月の新月旅✨（7月6日　　　蟹座♋️新月🌚）✨7月の満月旅✨（7月21日　　山羊座♑️満月 🌕）2回目　2ヶ月連続山羊座♑️満月🌕るるぶ&moreにて🌟絶賛公開中🌟https://rurubu.jp/andmore/article/21840LINE VOOM,38864,11229,845,-,-,
2024/06/27 12:01,2024年6月末から7月頭にかけて、「土星」と「海王星」が逆行に転じます。逆行期間のほどんどが重なっているため、逆行の影響も拡大しそうな気配。今回のダブル逆行期間には何が起こりやすいのか、そして逆行期間をスムーズに過ごすための秘訣をKeikoがお伝えします！https://moon.ks-selection.com/moonsign/life/saturnneptuneretrograde2024/LINE VOOM,38876,18336,3783,-,-,
2024/06/24 11:46,🌙keiko's Message🌙いよいよ本日🌕『愛❤️とお金💰そして宇宙🪐』〜もっと豊かに生きたいあなたに贈る222のメッセージ〜風の時代に入ってまだまだ自分軸✨、自分らしさ💛を掴めていないあなたへ人生🌈を変えるにはコツ✨がある！？他人と比べて自分が幸せじゃない☁︎☁︎ ︎😭人生がうまくいかない…💦って思っている人いませんか？✨豊かな人生✨を目指す人のためのメッセージを1冊にまとめました。🎀絶賛販売中🎀⬇️https://www.amazon.co.jp/dp/4594097340🩷222の言葉🩷の中にはきっとあなたがずっと探していた答えがあるはずです❣️LINE VOOM,38893,11108,1297,-,-,
2024/06/21 06:00,2024年は山羊座で満月が2回連続起こります。6月22日はその1回目。この満月は、私たちに何をもたらしてくれるのでしょうか？山羊座満月（1回目）が与えてくれるものとそれを取りこぼしなく受け取るためのラッキーアクションをご紹介。月星座の第一人者で新月満月のパワーウィッシュ創始者Keikoがお伝えしますhttps://moon.ks-selection.com/moonsign/new_fullmoon/capricornfullmoon120240622/LINE VOOM,38887,20094,3415,-,-,
2024/06/20 21:00,Keikoの無料開運メッセージ😉山羊座満月はあなたにどんなメリットがある⁉️https://youtu.be/pfh--D_KRZg,38891,17977,1700,-,-,
2024/06/20 08:00,🎊Keikoランチタイム開運インスタLive出演🎊開運アクションを皆さまにお伝えします✨✨6月21日（金）12:30〜＠mimolletをフォローの上、配信をお待ちください♪https://www.instagram.com/mimollet/?hl=ja,38902,13948,939,-,-,
2024/06/20 06:00,明日、6月21日は夏至。エネルギーの転換点となる重要なタイミングです。夏至の役割と、今年の夏至のテーマ、そして運をぐんぐん育てるためのラッキーアクションをKeikoがお伝えします！https://www.ks-selection.com/blog/life/summersolstice2024/LINE VOOM,38906,12992,2725,-,-,
2024/06/19 21:00,Keikoの無料開運メッセージ 山羊座満月(山羊座)(満月)はあなたにどんなメリットがある⁉️,38913,16030,963,-,-,
2024/06/19 08:00,🎊Keikoランチタイム開運インスタLive出演🎊開運アクションを皆さまにお伝えします✨✨6月21日（金）12:30〜＠mimolletをフォローの上、配信をお待ちください♪https://www.instagram.com/mimollet/?hl=ja,38922,13886,737,-,-,
2024/06/17 12:07,🌔Harper's BAZAAR🌖 @harpersbazaarjapan月星座でよみとく✨Keikoの新月満月占い✨【月星座別】2024年6月15日～30日の運勢 山羊座♑️満月🌕6月22日　10:09別名「ストロベリームーン」と呼ばれます。この日は牡牛座♉️に滞在している火星のバックアップ🤩があるため、何事も粘ったもの勝ち🏅最後まであきらめない人がすべてを手に入れます💘絶賛公開中☪️皆様ぜひご覧ください✨https://www.harpersbazaar.com/jp/horoscopes/moon-power/a60302867/moon-astrology-top/LINE VOOM,38936,10286,1611,-,-,
2024/06/07 12:56,🌝keiko's Message🌝✨yoi✨「心・体・性」のウェルネス☪️を提案する、集英社のオンラインメディア💟Keikoの「月星座占い」で2024年下半期の運勢💕をチェック！ますます開運の波に🌊乗りましょう🌈絶賛掲載中🆙https://yoi.shueisha.co.jp/horoscope/moonsign/LINE VOOM,38945,14426,1982,-,-,
2024/06/03 08:04,🌔Harper's BAZAAR🌖 @harpersbazaarjapan月星座でよみとく✨Keikoの新月満月占い✨【月星座別】2024年6月1日～15日の運勢 双子座♊️新月　6月6日　21:395月26日に双子座♊️木星期に入り最初の新月が双子座♊️で起こります。しかも5つもの天体✨が双子座♊️に集結しており、幸運期の開幕を告げるファンファーレ🎺のようなにぎやかさ🍾。これから1年はどんな人も「学び」をテーマに過ごすと開運🌈絶賛公開中☪️皆様ぜひご覧ください✨https://www.harpersbazaar.com/jp/horoscopes/moon-power/a60302867/moon-astrology-top/LINE VOOM,38950,11086,2089,-,-,
2024/05/31 18:41,『Keikoさんが教える🌙ムーンウェルネス🌙6月の新月🌑&満月🌕を狙う開運お出かけスポット』✨6月の新月旅✨（6月6日　　双子座♊️新月🌚）✨6月の満月旅✨（6月22日　　山羊座♑️満月 🌕）るるぶ&moreにて🌟絶賛公開中🌟https://rurubu.jp/andmore/article/21658LINE VOOM,38943,13340,1026,-,-,
2024/05/29 18:10,🌙keiko's Message🌙人生🌈を変えるにはコツ✨がある！？他人と比べて自分が幸せじゃない☁︎☁︎ ︎😭人生がうまくいかない…💦って思っている人いませんか？・ソウルメイト🩷が見つからない・人間関係💬がうまくいかない・お金🤑がたまらない・運⚜️に見放されている気がする・仕事📝で評価されない…ないない尽くしで、途方に暮れているだけでは人生は変わりません。ちょっとしたきっかけ✨に気づいたり、コツ😍をつかむことで人生🌈を変えていくことはできるのです。✨豊かな人生✨を目指す人のためのメッセージを1冊にまとめました。🎀絶賛予約販売中🎀⬇️https://www.amazon.co.jp/dp/4594097340🩷222の言葉🩷の中にはきっとあなたがずっと探していた答えがあるはずです❣️,38956,10796,2753,-,-,
2024/05/25 12:01,双子座木星期を記念してKeikoからダブル開運壁紙プレゼント🎁❣️5/25までにパワーウィッシュ会員へご登録を😉✨✨,38947,6031,1583,-,-,
2024/05/25 08:00,双子座木星期を記念してKeikoからダブル開運壁紙プレゼント🎁❣️5/25までにパワーウィッシュ会員へご登録を😉✨✨,38957,5684,1492,-,-,
2024/05/24 12:13,双子座木星期を記念してKeikoからダブルプレゼント🎁❣️5/24までにパワーウィッシュ会員へご登録を😉,38963,7359,2206,-,-,
2024/05/22 18:32,🌔Harper's BAZAAR🌖 @harpersbazaarjapan月星座でよみとく✨Keikoの新月満月占い✨【月星座別】2024年5月15日～31日の運勢 満月🌕（フラワームーン）　5月23日　22:5426日に双子座木星期直前に起こる、射手座の満月。木星を真正面から照らし出す満月が、皆様の願いの具現化を後押し✨絶賛公開中☪️皆様ぜひご覧ください✨https://www.harpersbazaar.com/jp/horoscopes/moon-power/a60302867/moon-astrology-top/LINE VOOM,38952,12146,2670,-,-,
2024/05/22 17:00,木星双子座入りを3日後に控えてやってくるのが、射手座満月！木星をルーラー（支配星）にもつ射手座で起こる今回の満月は、双子座木星期の前座なのだとか。射手座満月の恩恵を余すところなく受け取り、双子座木星期に飛び込むためのラッキーアクションをKeikoが教えてくれました♪https://moon.ks-selection.com/moonsign/new_fullmoon/saggittariusfullmoon20240523/LINE VOOM,38954,12186,1926,-,-,
2024/05/21 22:00,5月22日（水）12:30スタート予定☆射手座満月＆双子座木星期開幕の超重要シーズンに向けて、Keikoが宇宙の風向きを解説します♪@mi-molletをフォローの上、配信をお待ちください。アーカイブも残していただく予定です。,38965,21087,-,-,-,
2024/05/20 22:00,5月22日（水）12:30スタート予定☆射手座満月＆双子座木星期開幕の超重要シーズンに向けて、Keikoが宇宙の風向きを解説します♪@mi-molletをフォローの上、配信をお待ちください。アーカイブも残していただく予定です。,38978,22079,-,-,-,
2024/05/20 12:00,2024年は、なんと「山羊座」で2回満月が起こります。風の時代そのものといえそうな「双子座木星期」の中で起こる、地のサイン「山羊座」の満月。それにはどんな意味があるのでしょうか？Keikoが分かりやすく教えてくれましたよ！https://moon.ks-selection.com/moonsign/life/capricornfullmoon202406220721/LINE VOOM,38983,18418,3441,-,-,
2024/05/18 12:01,2024年5月26日に開幕する「双子座木星期」。どんな1年になり、なにが幸運のヒントになるのでしょうか。また、双子座木星期の運を逃さないために気を付けることは？Keikoが双子座木星期の大切なポイントをお伝えします♪https://www.ks-selection.com/blog/life/jupiteringemini202catchfortune/LINE VOOM,38993,19112,2670,-,-,
2024/05/03 10:00,🌔Harper's BAZAAR🌖 @harpersbazaarjapan月星座でよみとく✨Keikoの新月満月占い✨【月星座別】2024年5月1日～15日の運勢 新月　5月8日　12:2312年に一度の幸運期のクライマックスを迎えている牡牛座♉️の新月✨絶賛公開中☪️皆様ぜひご覧ください✨https://www.harpersbazaar.com/jp/horoscopes/moon-power/a60302867/moon-astrology-top/LINE VOOM,38964,12142,2470,-,-,
2024/05/02 15:01,『Keikoさんが教える🌙ムーンウェルネス🌙5月の新月🌑&満月🌕を狙う開運お出かけスポット』✨5月の新月旅✨（5月8日　　牡牛座♉️新月🌚）✨5月の満月旅✨（5月23日　射手座♐️満月 🌕）るるぶ&moreにて🌟絶賛公開中🌟https://rurubu.jp/andmore/article/21544LINE VOOM,38985,15419,994,-,-,
2024/04/22 12:01,金運2大サインのひとつ「蠍座」で起こる満月。牡牛座木星期のラスト1か月のスタートです。蠍座満月がもたらしてくれるもの、メッセージはどんなものなのでしょうか？皆さんが牡牛座木星期のラストで大きな金運を手にできるよう、Keikoがラッキーアクションをお伝えします https://moon.ks-selection.com/moonsign/new_fullmoon/scorpiofullmoon20240424/LINE VOOM,38943,19536,2763,-,-,
2024/04/21 08:00,Keikoの開運無料アドバイス😉2024年は宇宙元旦から止まらない怒涛のエネルギー逆転モード😳‼️味方につけるテクニックをKeikoが伝授します✨https://youtu.be/TsDgO9ZQHf0,38966,20879,1851,-,-,
2024/04/20 08:01,大人気‼️ Keikoプロデュース開運スマホ待ち受けプレゼントのご案内 愛と豊かさの最終章 牡牛座♉️木星パワーと天王星パワーと強力アンカリングするスマホ待ち受けをプレゼントします,38991,10351,1626,-,-,
2024/04/20 08:00,Keikoの開運無料アドバイス😉2024年は宇宙元旦から止まらない怒涛のエネルギー逆転モード😳‼️味方につけるテクニックをKeikoが伝授します✨https://youtu.be/TsDgO9ZQHf0,38991,3352,377,-,-,
