2025/10/29 20:15,591331260幸福な人生へ一直線！射手座新月の引き寄せジュエリー💍✨️あなたには、♥️途方もなく大きな夢♥️叶うはずないと思っている理想はありますか？実は、これらをスルスルと叶えてしまうのが、射手座のパワー♐✨️現在ご予約受付中のマジカルムーン・ジュエリーは、射手座新月のパワーを宿し、あなたの夢を現実へと導きます。このジュエリーを身につけることで——✔ 人生の迷いがなくなる✔ 収入の柱が増える✔ 全方位の運気アップ射手座とラッキースター木星を味方につける特別な引き寄せジュエリー、数量限定でご予約受付中です。↓↓↓https://ks-selection.com/smartphone/page44.html?utm_source=line&utm_medium=social&utm_campaign=keiko,36927,7491,316,2915,329,
2025/10/29 09:52,592238623Keiko’s Message🌙集英社「MAQUIA ONLINE」掲載🔮Keikoの【月星座占い】2025年11月の運勢をチェック！今月のテーマは「過去に戻ることから始まる未来」🌕LOVE運💗ビューティ運💄健康運🌿そして、相性のいい月星座💫あなたの月星座が導く“11月のヒント”をぜひチェックしてみて✨👉 詳しくはhttps://maquia.hpplus.jp/horoscope/moonsign/LINE VOOM,36941,7226,1381,-,-,
2025/10/25 07:00,590634342ご予約特典付きは本日まで毎年大好評！Keikoプロデュースのカレンダー2026。開運日、宇宙の動きを網羅した【開運カレンダー】です。2026年版も、Keikoの録り下ろしメッセージが毎月お聴きいただけます♪「運は早いもの勝ち」どうぞ本日中にチェックなさってくださいね。　↓　↓　↓https://ks-selection.com/smartphone/page393.html?utm_source=line&utm_medium=social&utm_campaign=keiko,36969,17280,867,-,-,
2025/10/21 00:00,587538350スーパームーンｘマゼンタパワーで眠れるフェムパワーが開花する！ヴィーナスバイブレット,36980,16887,518,-,-,
2025/10/20 21:25,560233106新月・満月のパワーウィッシュ　願いを叶える、Keiko出演の開運動画スタート！,36987,13938,1143,-,-,
2025/10/20 20:15,5906336212026年はどんな年になる？今年も残り2ヶ月。大惑星がサインを移動したり、逆行でサインを戻ったりと、大きく揺さぶりがありました。さて、2026年はどんな1年になるのでしょうか？✨️ひと足早く、Keikoにインタビューしました。どうぞご覧くださいませ。　↓　↓　↓https://www.ks-selection.com/blog/astro_news/2026_lucktheme/?utm_source=line&utm_medium=social&utm_campaign=keiko,36990,7988,3058,-,-,
2025/10/20 00:00,587538282スーパームーンｘマゼンタパワーで眠れるフェムパワーが開花する！ヴィーナスバイブレット,37003,16708,480,-,-,
2025/10/16 15:39,590481477🌔Harper's BAZAAR🌖 https://x.gd/nuDLQ月星座でよみとく✨Keikoの新月満月占い✨【月星座別】2025年10月15日～31日の運勢 １０月２１日　天秤座♎️新月🌚信頼できる“その人”と未来への扉🚪を開くとき💫誰と歩むか──関係性の選択が、次のステージを決める🌕表面的なつながりは終わり、真のパートナーが残る予感が🤝詳しくはバザーで💜https://www.harpersbazaar.com/jp/horoscopes/moon-power/a60302867/moon-astrology-top/LINE VOOM,37005,9538,1889,-,-,
2025/10/14 18:28,590206012🌕💫本日発売💫🌕『月星座パワーブック2026』👉 https://www.amazon.co.jp/dp/48387576462026年は──💎「月星座が開花する」特別な年🌸✨蟹座＆獅子座木星期の拡大パワー✨を味方につけて、魂レベルで“幸せと発展”を実現する一年🌈各月星座ごとに、🌙“チャンスの波に乗る時期”🌙“財の扉を開け放つ金運ポイント”🌙“努力ゼロでもツイてる恩恵ポイント”など、Keiko開運メソッドが炸裂💫月のリズムと共に、あなた本来の輝きを最大限に開花させましょう🌈LINE VOOM,37005,9005,694,-,-,
2025/10/10 20:15,588737888次回の水星逆行は、11月10日から⚠️交通機関の乱れ、スマホなどのトラブルに加えて、影響が多方面に及びそう…😭今回の逆行で気をつけることをKeikoにインタビューしました。どうぞご覧くださいませ。　↓　↓　↓https://ks-selection.com/blog/astro_news/mercuryretrograde20251110/?utm_source=line&utm_medium=social&utm_campaign=keiko,37008,12379,4180,-,-,
2025/10/08 18:03,589408131💫Keiko的 Magenta Love Oracle💫──宇宙の恵みを愛に変える──愛の絶対量を増やし、人脈・お金・チャンス・ソウルメイトを最短で引き寄せる✨波動を高めるオラクルカード36枚入り💖待望の【ミニ版】が登場🌙🩷Amazon絶賛予約中🩷 https://amzn.asia/d/77rMlw0,37031,9044,1286,-,-,
2025/10/07 00:00,587538232スーパームーンｘマゼンタパワーで眠れるフェムパワーが開花する！ヴィーナスバイブレット,37048,16715,554,-,-,
2025/10/06 12:47,560233027新月・満月のパワーウィッシュ　願いを叶える、Keiko出演の開運動画スタート！,37058,18231,1424,-,-,
2025/10/06 00:00,587538197スーパームーンｘマゼンタパワーで眠れるフェムパワーが開花する！ヴィーナスバイブレット,37072,16337,729,-,-,
2025/10/05 01:00,588259100❣️プレミアム情報満載❣️【月星座占い】Keikoの月星座が導く 2025年下半期〜2026年初頭の引き寄せアドバイス👸🌈2025年後半から2026年明けにむけて、運気の大調整月間がスタート✨✨大惑星逆行シーズンをKeiko'sパワーウィッシュで追い風に♡♡https://mi-mollet.com/articles/kpwa/54979,37087,19097,2780,-,-,
2025/10/03 01:00,588258820❣️プレミアム情報満載❣️【月星座占い】Keikoの月星座が導く 2025年下半期〜2026年初頭の引き寄せアドバイス👸🌈2025年後半から2026年明けにむけて、運気の大調整月間がスタート✨✨大惑星逆行シーズンをKeiko'sパワーウィッシュで追い風に♡♡https://mi-mollet.com/articles/kpwa/54979,37113,19429,2593,-,-,
2025/10/01 15:05,587856281🌔Harper's BAZAAR🌖 https://x.gd/pQXie月星座でよみとく✨Keikoの新月満月占い✨【月星座別】2025年10月1日～15日の運勢 🔥 10月7日🔥迷いを吹き飛ばす🌪️はじまりの炎❤️‍🔥牡羊座♈️満月🌕が呼び覚ます✨真の自分✨「人生のイニシアチブを取り戻す！」遠慮も迷いも手放し、旗🏳️‍⚧️を掲げて進むとき。その一歩が未来を変える🌈詳しくはバザーで💜https://www.harpersbazaar.com/jp/horoscopes/moon-power/a60302867/moon-astrology-top/LINE VOOM,37126,8582,1512,-,-,
2025/09/30 20:15,"587264783「金運を上げたい」「自分の才能で食べていきたい」ならば、この11月が大チャンス！🌕️11月5日  牡牛座満月(スーパームーン)🌙11月20日 蠍座新月と、2つの金運サインで満月・新月が起こり、金運を底上げする波動が降り注ぐのです…！本日ご予約スタートしたマジカルムーン・ジュエリー最新作は、あなたを豊かさの波動で満たし、潜在能力を目覚めさせる✨️金運ジュエリー✨️このジュエリーを身につけることで——✔ 自分だけの金脈を見つけられる✔ あなたの才能が開花する✔ 金運サインの恩恵を受け取れるラインナップは、あなたの才能を覚醒させる「2wayネックレス」風の時代の金運に乗る「ピアス・イヤリング」金脈へナビゲートする「ブレスレット」。漆黒のブラックスピネルとマゼンタカラーのルビーが美しい""金運覚醒！牡牛座スーパームーンジュエリー""で一生枯れることのない金脈を見つけてくださいね。好評ご予約受付中です。↓　↓　↓https://x.gd/5ar3B",37141,9007,430,3782,493,
2025/09/30 17:35,587856115『Keikoさんが教える🌙ムーンウェルネス🌙10月の新月🌑&満月🌕を狙う『開運お出かけスポット』✨10月の満月旅✨10月7日　牡羊座♈️満月🌕✨10月の新月旅✨10月21日　天秤座♎️新月🌚るるぶ&moreにて🌟絶賛公開中🌟https://rurubu.jp/andmore/article/23871LINE VOOM,37141,7167,579,-,-,
2025/09/29 16:00,587914586keiko's Message🌙集英社「MAQUIA ONLINE」掲載🔮Keikoの【月星座占い】で2025年下半期の運勢をチェック！🌙 2025年下半期の全体運👉 幸運の種は「日常」の中に💡🌙 人生の再構築期👉 新しい時代を迎えるための最終調整期✨　あなたの2025年の半年をもっと輝かせましょう🧡詳しい月星座別アドバイスはこちら👇https://maquia.hpplus.jp/horoscope/moonsign/second-half-2025/LINE VOOM,37154,9032,1822,-,-,
2025/09/24 10:06,587160953🌞✨新エピソード公開✨🌞keiko解説⭐️🍂秋分＝宇宙カレンダーの折り返し🌰宇宙元旦🪐から始まった2025年前半が終了し、ここからいよいよ後半戦へ🌍💫🍂 テーマは「運の変わり目」前日の新月（日食）を経て迎える今年の秋分は、これまでの延長線ではなく、新しい視点に切り替えるタイミング。流れを見直し、後半戦にふさわしい「焦点」を定めましょう🔮こちらから🧡👉 https://open.spotify.com/episode/2EwmvLB2EHPMe1Pm1YzVxy?si=SRif0BZjTCG1yReDy8yyFwLINE VOOM,37155,15511,1586,-,-,
2025/09/23 08:00,586568120🌙 月星座パワーブック2026 ✨✨🌙予約販売スタート🌙✨蟹座／獅子座木星期を味方につけるポイント満載⭐️🔮月星座別 開花マニュアル🔮🌼「適職・働き方」💵「金脈」🌈「恩恵ポイント」を徹底解説！🌕 特別付録月と星の動きが全部わかるmoon wellness life 月星座カレンダー👉ご予約はこちらhttps://www.amazon.co.jp/dp/4838757646,37165,10235,535,11353,2202,
2025/09/22 20:15,584289649＼明日終了‼️／♍W乙女座新月♍大浄化キャンペーンただいま4大惑星逆行中、サインの逆戻りも控えています🌀今はダブル乙女座＆魚座のパワーを受けて、コツコツと浄化するのが正解。明日まで開催中の「大浄化キャンペーン」も、ぜひご活用くださいね。⭐️ご購入者さま全員プレゼント1.新時代のビジュアルアミュレット（Keiko監修 スマホ待ち受け画像）2.潜在意識を守るクリアマインド・シールド（Keiko監修 お金を浄化する封筒）⭐️キャンペーン限定セットもご用意♪惑星逆行期間もしなやかに過ごし、運を引き寄せていきましょう✨️詳しくは、こちらをチェック！https://moon.ks-selection.com/campaign/?utm_source=line&utm_medium=social&utm_campaign=keiko,37174,15994,1405,-,-,
2025/09/22 16:19,586947866💫月星座パワーブック2026発売記念キャンペーン🌙本日「パワーブック2026」 がAmazonで予約スタート✨https://www.amazon.co.jp/dp/4838757646月星座Keiko公式インスタhttps://x.gd/0agXqにて、発売記念キャンペーンを実施⭐️ご予約・ご購入特典：K’sオリジナル 12星座別ブレス をプレゼント🎁キャンペーンはこちらからご参加ください。https://www.instagram.com/reel/DO48z1gj7Uj/?igsh=ZXR3MTBzZTFhMWFu＜キャンペーン内容＞1_インスタアカウントを@keiko_lunalogy をフォロー2_キャンペーン投稿に貴方の月星座と来年の抱負をコメントしてね。抽選で各月星座I名様にK’sオリジナル 12星座別ブレス💎をプレゼント🎁あなたの月星座をコメントしてね⭐️＜キャンペーン期間＞9月22日〜10月13日23:59まで発売日は10月14日🌕2026年を最高の年にするためのヒントが詰まった1冊。あなたの未来を開花させましょう🌼,37179,14973,1167,-,-,
2025/09/22 10:00,586569288月星座パワーブック2026 予約スタート 2026年は『月』が 幸福と発展を もたらす特別な1年。 蟹座／獅子座木星期を味方に、 開花していくための 完全マニュアル特別付録： 月と星の動きが,37186,12766,688,1266,293,
2025/09/22 00:00,586603280スーパームーンｘマゼンタパワーで眠れるフェムパワーが開花する！ヴィーナスバイブレット,37205,16706,723,-,-,
2025/09/21 04:54,560232878新月・満月のパワーウィッシュ　願いを叶える、Keiko出演の開運動画スタート！,37218,19980,1722,-,-,
2025/09/21 00:00,586603172スーパームーンｘマゼンタパワーで眠れるフェムパワーが開花する！ヴィーナスバイブレット,37222,19486,1739,-,-,
2025/09/19 14:51,586567006✨新エピソード公開✨keiko解説⭐️９月22日乙女座♍️新月（日食）☆８月に続き、９月も「調整」のサイン＝乙女座♍️での新月🌑しかも今回は「日食」！さらに翌日は秋分という大転換のタイミング🌍💫🔮テーマは「見直しと改善」涙の度数＝29度✨で起こるこの新月🌑は、あなたの運を大きく切り替えるサインかも(ハート)こちらから🧡👉 https://open.spotify.com/episode/2h8uY5eeCnt8UuOVWY3gzg?si=c198cd91dfa64318LINE VOOM,37229,16688,2238,-,-,
2025/09/16 14:21,586104369🌔Harper’s BAZAAR🌖https://x.gd/UwwOu月星座でよみとく✨Keikoの新月満月占い✨【月星座別】2025年9月15日～30日の運勢9月22日　乙女座♍️新月🌑✨部分日食✨（2回目）テーマ「最後通告と浄化」🌟29度＝臨界点⚡️未整理のまま放置してきたことにいよいよ決着をつけるとき。乙女座の力＝浄化と調整✨誤った方向を修正し、本来あるべき姿へ整えるタイミング。次の扉を開くための“最後通告”🌙💫詳しくはバザーで💜👉 https://x.gd/d0c7yLINE VOOM,37239,12157,1720,-,-,
2025/09/11 19:35,585484846🌖keiko's Message🌙✨📅2026年、幸運を呼び込む準備はできていますか？✨Keiko監修 🌙日本全国🇯🇵の絶景を集めた特別な2026カレンダー🗓️⛰️ 滝・山・四季折々の自然🍀🌃 都会のきらめく夜景📖 写真ごとの解説＋2026年の月星座占い付き眺めるだけで旅気分、そして運気アップ⤴️⭐️ご購入はこちら⭐️https://amzn.asia/d/cRakMAXLINE VOOM,37248,17944,1035,-,-,
2025/09/07 20:15,584289377＼天王星が逆行へ／冥王星・海王星・土星を含む4大惑星が逆行中。しかもこの秋は、サインの逆戻り🌀まで発生。私達にもその影響が及びます😨これを乗り切るためのヒントを、Keikoにインタビューしてきました。ぜひご覧くださいませ。⬇️⬇️⬇️https://www.ks-selection.com/blog/astro_news/retrograde2025/?utm_source=line&utm_medium=social&utm_campaign=keiko,37265,20584,5161,-,-,
2025/09/07 03:08,560232818新月・満月のパワーウィッシュ　願いを叶える、Keiko出演の開運動画スタート！,37276,19336,2004,-,-,
2025/09/05 07:00,"584146670「自分がキライ…😭」「私ってダメな人間だ…😢」もしそう思っているなら、いま、運命の輪を回すチャンスです。幸せな人間関係も、運やチャンスを引き寄せるのも、「自分を愛すること」からスタート。今回のマジカルムーン・ジュエリー最新作は、あなたを♥️愛の波動♥️で満たす引き寄せジュエリーです。このジュエリーを身につけることで——✔ 自分を愛し、大切にできる✔ 運命の相手との出会いを引き寄せる✔ あなたの魅力が引き出されるラインナップは、数珠つなぎの幸運をイメージした「ブレスレット💕」と、大粒のローズクォーツが輝く「リング💍」。優しくあたたかな波動を放ち、あなたの人生を愛で満たす""天秤座新月のローズクォーツジュエリー""、本日ご予約最終日です。↓　↓　↓https://ks-selection.com/smartphone/page42.html?utm_source=line&utm_medium=social&utm_campaign=keiko",37295,12822,796,14291,1523,
2025/09/02 18:01,584162573✨🌙keiko's Message🌙✨「keiko的ムーンウェルネスな日々」🌙ムーンウェルネスアンハザダー🌙のあやじまさんのコラムがアップ⤴️されました🦋「なにもしない」時間⏰を通して感じた、内側から湧くパワー💟と日常の愛おしい変化✨詳しくはこちら🦋https://moonwellness.co.jp/blogs/column/ayajima_250826LINE VOOM,37301,17022,835,-,-,
2025/09/01 13:01,583907952『Keikoさんが教える🌙ムーンウェルネス🌙9月の新月🌑&満月🌕を狙う『開運お出かけスポット』✨9月の満月旅✨9月9日　魚座♓️満月🌕皆既月食⭐️✨9月の新月旅✨9月22日　乙女座♍️新月🌚（2回目）るるぶ&moreにて🌟絶賛公開中🌟https://rurubu.jp/andmore/article/23712LINE VOOM,37308,17090,1009,-,-,
2025/09/01 12:02,583274779🌔Harper's BAZAAR🌖 https://x.gd/YKXBx月星座でよみとく✨Keikoの新月満月占い✨【月星座別】2025年9月1日～15日の運勢 9月8日　魚座♓️満月🌕✨皆既月食✨のスペシャルバージョンテーマ「赦しと終焉」🟣大切なのは、手放す勇気⭐️と新しいご縁を受け入れる心💗心と体の声❤️に素直に従って✨詳しくはバザーで💜https://www.harpersbazaar.com/jp/horoscopes/moon-power/a60302867/moon-astrology-top/LINE VOOM,37308,7146,1263,-,-,
2025/08/29 09:44,583406985🌝keiko's Message🌝✨yoi✨https://x.gd/Sm5BV✨9月の運勢✨天空の星たちは、私たちに大きな変化を促進🌌6日から💫オール逆行💫スタート。8日の魚座♓️満月🌕（皆既月食）22日の乙女座♍️新月🌑（日食）23日秋分の日🍂2025年の折り返し地点🏁9月をより心地よく過ごすためのヒント💡▼詳しくは yoi 記事で✨https://yoi.shueisha.co.jp/horoscope/moonsign/monthly-2025-9/LINE VOOM,37316,14542,1752,-,-, 
2025/08/28 07:00,"582960256＼収入革命、再来!?／ Keikoから、ビデオメッセージが届きました！ 金運シャワーが降り注ぐこの11月。 収入の""ケタ""がひとつあがるという「収入革命」がクライマックス！ 収入革命のエネルギーを刻",37333,18216,743,7717,477, 
2025/08/26 20:15,582823395この秋冬、「収入革命」がクライマックスを迎えます。 収入の桁を変えたいなら、これがラストチャンス。 豊かさに満ちた「収入革命」のパワーを受け取るには、どうすればよいのでしょうか？,37341,19021,2978,-,-, 
2025/08/23 20:15,"58239429880年に一度の「収入革命✨️」が、いよいよクライマックスを迎えます！一度双子座に入って「ひらめき」パワーを帯びた天王星が、逆行によって11月に牡牛座へ戻ります。「まだ収入革命のエネルギーを、　受け取れてない人がいるんじゃない？☺️」そんな声が宇宙から聞こえてくるようです🪐✨️この収入革命""ラスト""のエネルギーを余すことなく受け取っていただくためにKeikoが用意したのが、「収入・金運・財運に　ブレイクスルーを起こす　マジカルムーン・ウォレット👛」このお財布を使うことで——✔ 使えるお金のケタが変わる⤴️✔ 生活のレベルが明らかに変わる😄「収入革命」と「金運ムーン・牡牛座満月」の富と豊穣の波動に満ちた「マジカルムーン・ウォレット」で収入・財運に革命を起こしあなたらしい、豊かな生活を手にしてくださいね✨️数量限定ですので、お早めにどうぞ。⬇️⬇️⬇️https://x.gd/POUQC",37344,12114,1527,12750,2474, 
2025/08/22 15:06,560232715新月・満月のパワーウィッシュ　願いを叶える、Keiko出演の開運動画スタート！,37347,19035,906,-,-, 
2025/08/21 13:36,582354315✨🌙keiko's Message🌙✨「keiko的ムーンウェルネスな日々」ポッドキャスト最新中📻🆙✨８月２３日は乙女座♍️新月🌑今年の乙女座♍️シーズンは新月🌑とともにスタート▶️乙女座♍️０度で起こるこの新月🌑がもつ深～い意味を、Keikoが解説🌙詳しくはこちらから⭐️https://open.spotify.com/episode/3a7Y7kzk12froavBIJQZpu?si=GJTYkqroSfqySHBI4SPJygLINE VOOM,37359,17230,2011,-,-, 
2025/08/15 15:15,581138949🌔Harper's BAZAAR🌖 https://x.gd/wp4cl月星座でよみとく✨Keikoの新月満月占い✨【月星座別】2025年8月15日～31日の運勢 ✨ 8月23日 乙女座♍️新月🌑（1回目）今年は乙女座新月が2回✨しかも0度と29度という超レア配置💫0度＝まっさらな初期設定の瞬間。今回は“整える”エネルギーがMAXで届きます。未来を描くより先に、**「いまの自分を整える」**ことが開運のカギ🔐詳しくはバザーで💜https://x.gd/rnK5VLINE VOOM,37390,15044,1732,-,-, 
2025/08/08 16:55,560231694新月・満月のパワーウィッシュ　願いを叶える、Keiko出演の開運動画スタート！,37388,20363,1463,-,-, 
2025/08/05 08:15,579808434ときには力を抜いて目には見えない「大いなる存在」を感じ、そのパワーに身を委ねてみませんか👼🪐✨️「大いなる存在」に守られて、新しい自分に生まれ変わる🪽エンジェルジュエリー🪽このジュエリーを身につけることで——✔ いつもベストコンディションでいたい人✔ 新時代で自分らしく活躍したい人✔ 天使とのつながりを深めたい人ラインナップは、ブレスレットとネックレス。双方ともに天使をイメージし、風の時代の軽やかさともシンクロする羽根モチーフ🪽ネックレスは、チョーカー風にも使える2WAY仕様✨️数量限定、本日23:59までご予約受付中です。※残りわずかとなっております⬇️⬇️⬇️https://ks-selection.com/smartphone/page41.html?utm_source=line&utm_medium=social&utm_campaign=keiko,37406,11491,447,12275,1157, 
2025/08/04 14:21,580130314✨🌙keiko's Message🌙✨「keiko的ムーンウェルネスな日々」✨４０代の激震をチャンスに変えるには？✨天王星が求めるのは「人生改革」。現状打破⚡️の変化を拒むとどうなるか？？　コラムニスト芳麗さん🦋対談✨後半🩵公開中✨Keikoの占星術絶賛解説中☆https://open.spotify.com/episode/0MWXVqtivuFW5GD4bSB6tX?si=8h0HbkczRc2AkHVoQ8nf0w★ビデオポッドキャスト『ひうら芳麗の楽女なニュース』7月30日スタート🩷https://open.spotify.com/show/06ChRRBxnnqBMHxMSZqQir?si=759102b5b04f4ab8LINE VOOM,37413,12253,737,-,-, 
2025/08/02 20:15,579492746＼開催中！！／♍W乙女座新月♍大浄化キャンペーンまもなく訪れる大波乱の時期。その前に浄化を習慣にして、しなやかに運を引き寄せていきましょう✨️⭐️ご購入者さま全員プレゼント1.新時代のビジュアルアミュレット（Keiko監修 スマホ待ち受け画像）2.潜在意識を守るクリアマインド・シールド（Keiko監修 お金を浄化する封筒）⭐️キャンペーン限定セットもご用意♪詳しくは、こちらをチェック！https://moon.ks-selection.com/campaign/?utm_source=line&utm_medium=social&utm_campaign=keiko,37418,18518,1762,-,-, 
2025/08/01 19:04,579808753✨🌙keiko's Message🌙✨「keiko的ムーンウェルネスな日々」🌙ムーンウェルネスアンハザダー小川奈緒さん🌙のコラムが投稿されました🆙次なるステージに進むために天体の逆行を利用する🩷水星逆行中⏪に起こりがちなトラブルには警戒心と適度なあきらめで対応🌈天体の動きを味方にする方法🪐詳しくはこちらから✨https://moonwellness.co.jp/blogs/column/ogawa_250801LINE VOOM,37435,14285,914,-,-, 
2025/08/01 15:00,579179264🌔Harper's BAZAAR🌖 https://www.instagram.com/harpersbazaarjapan/月星座でよみとく✨Keikoの新月満月占い✨【月星座別】2025年8月1日～15日の運勢 🌕8月9日・水瓶座♒️満月🌕あなたという存在の「再定義」を❣️「私はこう在りたい！」その声✨に、宇宙🪐が応えるタイミング🤩常識や他人軸にとらわれず、“本音の願い”を再確認を！周囲にどう思われるかではなく、あなた自身が「どう在りたいか✨」詳しくはバザーで💜https://www.harpersbazaar.com/jp/horoscopes/moon-power/a60302867/moon-astrology-top/LINE VOOM,37439,7986,1220,-,-, 
2025/07/31 17:35,579463791『Keikoさんが教える🌙ムーンウェルネス🌙8月の新月🌑&満月🌕を狙う『開運お出かけスポット』✨8月の満月旅✨8月9日　水瓶座♒️満月🌕✨8月の新月旅✨8月23日　乙女座♍️新月🌚（1回目）るるぶ&moreにて🌟絶賛公開中🌟https://rurubu.jp/andmore/article/23605LINE VOOM,37447,16043,812,-,-, 
2025/07/31 13:54,579510941✨🌙keiko's Message🌙✨「keiko的ムーンウェルネスな日々」✨40代✨“激震”が訪れる理由とは？人生の折り返し地点で揺れる心――その正体は“ミドルエイジクライシス”。コラムニスト芳麗さん🦋対談✨「天王星」の影響。前半🩵公開中✨絶賛対談中💜https://open.spotify.com/episode/6PpyOfd2SDJgoRQnZWjdBl?si=3tNZ6dp_RcqJCVFhu2F_Tg★ビデオポッドキャスト『ひうら芳麗の楽女なニュース』7月30日スタート🩷https://open.spotify.com/show/06ChRRBxnnqBMHxMSZqQir?si=759102b5b04f4ab8LINE VOOM,37451,8066,544,-,-, 
2025/07/29 11:42,579178839🌝keiko's Message🌝✨yoi✨https://www.instagram.com/yoi_media/🌞8月🌻は獅子座♌️の季節！でも11日までは水星逆行中…💬伝えたいのに伝わらない？12日以降、運気は急上昇⤴️お盆は「家族時間」が開運アクション👨‍👩‍👧‍👦✨絶賛掲載中🆙ストーリーズでcheck‼️してくださいね🌙https://yoi.shueisha.co.jp/horoscope/moonsign/monthly-2025-8/LINE VOOM,37462,15459,974,-,-, 
2025/07/29 07:00,578659020＼本日ご予約最終日／Keikoプロデュース🍴玄米パスタ＆パスタソースシリーズ🍝第3弾は、家族団らんの食事を大切にするイタリアのママの味「バーニャカウダ」。ローストしたにんにくに、米麹や乳酸菌ベースの発酵調味料をプラス。奥深いコクのある、まろやかな味わいです♪玄米パスタはなんとゆで時間90秒！時短でできるのに、もちもち食感の本格派⌛🍝ぜひ一度、ご賞味くださいませ✨️https://ks-selection.com/smartphone/page295.html&utm_medium=social&utm_campaign=keiko,37475,15895,252,-,-, 
2025/07/28 11:08,579032838✨🌙keiko's Message🌙✨「keiko的ムーンウェルネスな日々」ムーンウェルネスアンハザダーのArisaさんのコラムが投稿されました。🌙 【獅子座♌️シーズン】自分らしく輝くために。¨楽しむを許す¨ことで始まる小さな変化 🌙獅子座♌️が持つテーマのひとつ✨自己表現やセルフブランディングArisaさんが説く自分らしさ🩵詳しくはこちらから🦋https://moonwellness.co.jp/blogs/column/arisa_250725,37491,14420,738,-,-, 
2025/07/26 20:15,578656709蟹座木星期がスタートして、早くも1ヶ月半✨️ラッキーアクションは「家族や友人と手料理を食べること」でしたね。そこで、月星座別のパワーフードをご紹介します！あなたやご家族の月星座のパワーフードをプラスして、皆様で蟹座木星期の幸運の波にのってくださいね。https://ks-selection.com/blog/life/powerfoods/?utm_source=line&utm_medium=social&utm_campaign=keiko,37498,18941,2802,-,-, 
2025/07/24 04:11,560231632新月・満月のパワーウィッシュ　願いを叶える、Keiko出演の開運動画スタート！,37498,20978,2037,-,-, 
2025/07/19 20:15,5768884632025年秋冬––大惑星逆行とサインの逆戻りによって、宇宙は混沌と波乱の時期を迎えます🪐🌀それを前に宇宙が用意してくれたのが、ダブル乙女座新月と、魚座皆既月食という強力な浄化期間。この浄化期間に「チャクラ」の詰まりを取り除いてカラダとココロを整えていくことが大切です✨️カラダの中に7つ存在するチャクラは、1つでも詰まっていると、エネルギーが巡らず、運気も停滞してしまいます😨チャクラの詰まりを取り除くためにKeikoが開発した特別なアイテムが「エナジーフロー・ワンド」。このワンドを使ってチャクラを開放し、大惑星逆行期間を乗り越え、輝かしい未来を掴みましょう！7月22日(火)まで、数量限定でご予約受付中です✨️　↓　↓　↓https://ks-selection.com/smartphone/page168.html?utm_source=line&utm_medium=social&utm_campaign=keiko,37503,13220,953,13137,1113, 
2025/07/17 10:05,577458614🌔Harper's BAZAAR🌖 https://x.gd/Pt6cf🌕水星逆行スタート！（7/18〜8/11）通信ミス、スケジュールの見直しに注意⚠️でも「再会」や「復縁」など、うれしいご縁も戻ってくる時期💫水星逆行の影響をどう活かす？👉Keikoがじっくり解説🎙絶賛公開中☪️Harper’s BAZAARでチェック📰https://www.harpersbazaar.com/jp/horoscopes/moon-power/a60327961/mercury-retrograde-240330-hb/LINE VOOM,37514,15997,1488,-,-, 
2025/07/16 20:15,576887600今、土星・海王星・天王星がサインを移動してエネルギッシュな状態🔥でも、秋になるとそれが崩れて波乱の予感…。大切なのは、宇宙が用意しれくれた浄化期間を活用すること。宇宙の動き、活用のポイントをKeikoにインタビューしました✨️https://ks-selection.com/blog/astro_news/clearing_2025/?utm_source=line&utm_medium=social&utm_campaign=keiko,37522,17593,2857,-,-, 
2025/07/16 10:05,577405808✨🌙keiko's Message🌙✨「keiko的ムーンウェルネスな日々」🩵７月１８日、水星が逆行開始🩵海王星、土星に引き続き、水星も逆行に転じます。水星は情報、通信、交通、コミュニケーションを司る重要な星✨水星💫が動きを変えることでどんな影響が生じるのか？Keikoが音声で解説🎧https://creators.spotify.com/pod/profile/keiko-moonwellness/episodes/Keiko-e35ihskLINE VOOM,37531,14598,971,-,-, 
2025/07/15 16:00,577220524🌔Harper's BAZAAR🌖 https://x.gd/cBD6L月星座でよみとく✨Keikoの新月満月占い✨7月15日～31日の運勢 7/25 獅子座♌️新月🌕セルフブランディングDAY🦁✨「今ここで輝く✨勇気」。プロフィール写真・肩書き・自己紹介を大胆リニューアルして、未来の自分に一足先に会いに行こう。冥王星逆行で浮かぶ不安は深呼吸で手放し、ときめきを優先！詳しくはバザーで💜https://www.harpersbazaar.com/jp/horoscopes/moon-power/a60302867/moon-astrology-top/LINE VOOM,37537,13999,1456,-,-, 
2025/07/10 05:36,560231516新月・満月のパワーウィッシュ　願いを叶える、Keiko出演の開運動画スタート！,37542,21326,1127,-,-, 
2025/07/08 13:43,576411150✨🌙keiko's Message🌙✨「keiko的ムーンウェルネスな日々」7/11は山羊座♑️満月🌕あなたにとって心地よい働き方は？天王星が双子座♊️へ移り、時代が大きくシフト。この満月🌕が問いかけるのは、“本当に心地よい働き方”とは？Keikoが音声で解説🤍https://creators.spotify.com/pod/show/keiko-moonwellness/episodes/711-e356k01LINE VOOM,37557,19128,1895,-,-, 
2025/07/04 07:00,575601348「私なんて…」「他人の目線が気になる…」そう思ってしまう瞬間はありませんか？そんな方は、まだ内に眠る魅力に気づいていないだけなのです。あなたの中に眠る魅力を呼び覚まし、“本当の輝き”を引き出す今だけの引き寄せジュエリーをご予約受付中です。＼ 人生を上昇気流にのせる⤴️✨️ ／獅子座インペリアルトパーズジュエリーこのジュエリーを身につけることで——✔ あなたの魅力や個性が見つかる✔ 自信をもって、あなたらしく輝ける✔ 風の時代の運の流れに乗れるラインナップは、風の時代のラッキーアイテム「揺れるピアス・イヤリング⭐️」と幸運のアスペクトをデザインに落とし込んだ「リング💍」美しいインペリアルトパーズが華やかな引き寄せジュエリー、本日ご予約最終日です。↓↓↓https://ks-selection.com/smartphone/page40.html?utm_source=line&utm_medium=social&utm_campaign=keiko,37566,12392,634,13176,1766, 
2025/07/03 16:42,575745807✨keiko's Message✨「keiko的ムーンウェルネスな日々」✨🌙【人生を幸せに導く“8つのウェルネス”とは？】🌿ムーンウェルネスアンバサダーでもあるヨガ＆瞑想講師Arisaさんとの特別対談【後半】をお届け！「いつかフェスをやりたい」そんな想いが、月のリズム🌙に導かれていよいよ現実に🪄🧘‍♀️💫 Arisaさんが贈る3DAYSオンラインイベント【WELLNESS FES 2025】わたしの1日は、わたしがつくる。◎7/11（金）～7/13（日）開催チケット好評発売中🎟️✨👉 詳細はこちらhttps://wtg.wellness-to-go.com/fes2025詳しくはポッドキャストで🎧https://open.spotify.com/episode/07UgMytZVubbWhc7azhyM1?si=594edb8a2bb943d2LINE VOOM,37579,8299,282,-,-, 
2025/07/02 10:05,575363716✨🌙keiko’s Message🌙✨いま、宇宙🪐に最も応援されている“あの人”✨ムーンウェルネスアンバサダー、ヨガ＆瞑想講師Arisaさんと特別対談🎤月・太陽・木星を蟹座にもつスーパーキャンセリアンArisaさん。ロスカボスから届く軽やかなウェルネスのヒント🌿◆Arisaさんの3DAYSオンラインイベント【WELLNESS FES 2025】7/11（金）～7/13（日）開催！▶詳細・チケットはこちらhttps://wtg.wellness-to-go.com/fes2025🎧ポッドキャストでも配信中https://creators.spotify.com/pod/show/keiko-moonwellness/episodes/Arisa-e34ulmaLINE VOOM,37595,11412,393,-,-, 
2025/07/01 15:00,574805286🌔Harper's BAZAAR🌖 https://x.gd/9T4gB月星座でよみとく✨Keikoの新月満月占い✨【月星座別】2025年7月1日～15日の運勢 7/7、変革の星・天王星が双子座♊️へ。情報革命がさらに加速し、個人の発信が世界🌎を動かす時代に。スピードと柔軟性が運を掴むカギ✨そして7/11、山羊座♑️満月🌕これまでの努力に結果が出るとき。たとえ理想通りじゃなくても、諦めず次の一手を🌟完璧を求めず“今、動く”ことが大切💫絶賛公開中☪️皆様ぜひご覧ください✨詳しくはストーリーズで！https://www.harpersbazaar.com/jp/horoscopes/moon-power/a60302867/moon-astrology-top/LINE VOOM,37600,9507,1186,-,-, 
2025/07/01 14:05,575363548✨🌙keiko's Message🌙✨「keiko的ムーンウェルネスな日々」ムーンウェルネスアンハザダーのあやじまさんのコラムがUP✨月の導きで大逆転！リチュアルは宇宙からのエール✨✨ずっと避けてきた「人と組む」👯💜仲間と肩組んで大逆転🪐宇宙からの温かいエール🌈🌙ムーンウェルネス🌙のサイトでご覧ください♡https://moonwellness.co.jp/blogs/column/ayajima_250630LINE VOOM,37603,6946,373,-,-, 
2025/07/01 12:15,575363274🌝keiko's Message🌝✨yoi✨ https://x.gd/AQF7r🌟【7月の星の動き】変革と再構築がテーマ✨7日、天王星が双子座へ移動し、従来の方法や考え方に見直しを🩵加えて海王星・土星・水星が次々と逆行を開始。迷いや混乱は避けられませんが、理想と現実を調整し計画を修正するチャンス🌈変化を恐れず、柔軟に対応する姿勢が鍵🔑絶賛掲載中🆙ストーリーズでcheck‼️してくださいね🌙https://yoi.shueisha.co.jp/horoscope/moonsign/monthly-2025-7/#keiko#anan #風の時代#lunalogy#自分軸#占星術 #7月運勢 #変革の時 #yoi7月占い#月星座を活かす#本音＃ルナロジー＃願いを叶える#五感#占い好きな人と繋がりたい#蟹座木星期 #月星座占い #家族のかたち #ムーンウェルネス ＃開運#moonwellness＃開運#yoi#直感を磨く#ツキ＃占いLINE VOOM,37609,5510,703,-,-, 
2025/06/30 17:30,574752447『Keikoさんが教える🌙ムーンウェルネス🌙7月の新月🌑&満月🌕を狙う『開運お出かけスポット』✨7月の満月旅✨7月11日　山羊座♑️満月🌕✨7月の新月旅✨7月25日　獅子座♌️新月🌚るるぶ&moreにて🌟絶賛公開中🌟https://rurubu.jp/andmore/article/23490LINE VOOM,37611,16455,743,-,-, 
2025/06/28 20:15,5744808327月7日、革命の惑星「天王星」が双子座へ移動します。世界規模の変革をもたらす天王星のサイン移動は、影響も段違い！気をつけるコトと、ラッキーアクションをKeikoにインタビューしました。https://moon.ks-selection.com/moonsign/astro_news/uranus_in_gemini/?utm_source=line&utm_medium=social&utm_campaign=keiko,37621,19930,4600,-,-, 
2025/06/26 10:05,574445551✨🌙keiko's Message🌙✨「keiko的ムーンウェルネスな日々」ムーンウェルネスアンハザダーの小川奈緒さんのコラムがアップされました。風の時代のスピリチュアルは軽やかに、そして堂々と✨意識を高く持って暮らすことに価値が置かれる時代🩵古い価値観にとらわれないで今この瞬間の感覚に素直になる🌱ぜひ🌙ムーンウェルネス🌙のサイトでご覧ください♡https://moon-wellness.myshopify.com/blogs/column/ogawa_250623LINE VOOM,37635,14838,921,-,-, 
2025/06/25 12:10,574444623✨🌙keiko's Message🌙✨「keiko的ムーンウェルネスな日々」ムーンウェルネスアンハザダー、芳麗さんのコラムがアップされました。月🌙は、私たちの「感情のリズム」を映す鏡。満ち欠け🌖に心❤️が動くのは、きっと偶然じゃない——“月と私”の物語を、芳麗さんが綴ってくださいました🌙ぜひ🌙ムーンウェルネス🌙のサイトでご覧ください♡https://moon-wellness.myshopify.com/blogs/column/yoshirei_250623LINE VOOM,37643,14697,944,-,-, 
2025/06/24 19:31,560231441新月・満月のパワーウィッシュ　願いを叶える、Keiko出演の開運動画スタート！,37648,18634,1122,-,-, 
2025/06/24 14:25,574316678✨🌙keiko's Message🌙✨「keiko的ムーンウェルネスな日々」🌑【6月25日 蟹座♋️新月】いま、大きく育てたいものは何ですか？🌱木星蟹座蟹座入り→夏至→蟹座新月——この流れは“願いを育てる”追い風に✨カギ🔐は、小さな習慣の積み重ねかも。詳しくはポッドキャストで🎧https://open.spotify.com/episode/3bkiX9rcCU6yHD9KcKuUTD?si=d4e94bca936f43e0LINE VOOM,37649,15492,1308,-,-, 
2025/06/18 20:15,572868137次回の水星逆行は、7月18日から。なんと夏休みシーズンを直撃します…！交通機関の乱れに、チケット類のオンライン予約など、影響が響きそうです。今回の逆行で気をつけることをKeikoにインタビューしました。https://moon.ks-selection.com/moonsign/astro_news/mercuryretrograde20250718/?utm_source=line&utm_medium=social&utm_campaign=keiko,37646,20955,3917,-,-, 
2025/06/17 10:05,573286542🌔Harper's BAZAAR🌖 @harpersbazaarjapanhttps://x.gd/9cUFQ月星座でよみとく✨Keikoの新月満月占い✨【月星座別】2025年6月15日～30日の運勢 【6月25日 蟹座新月🌑】夏至を越え、宇宙は“急成長モード”へ🌱今回は、木星と重なる超幸運な新月！「家・拠点・コミュニティ」に注いだエネルギーが大きな成果となって返ってくるタイミングです🏡✨いま動けば、年末にはしっかり実りが🌾ぐずぐず禁止！鉄は熱いうちに打って◎絶賛公開中☪️皆様ぜひご覧ください✨詳しくはストーリーズで！https://www.harpersbazaar.com/jp/horoscopes/moon-power/a60302867/moon-astrology-top/LINE VOOM,37651,10050,1715,-,-, 
2025/06/16 16:38,573288622🌝keiko's Message🌝✨yoi✨ @yoi_mediahttps://x.gd/y8yOi▼2025年後半の運勢🔮開運アクション🌈【蟹座木星期スタート！🏡✨】12年ぶりに木星が蟹座♋️入り。幸運の種🩵は、日々の暮らしと“家族”の中に🌱⁠「ただいま」と言える居場所、「ありがとう・ごめんね」で結び直す絆がチャンスを呼びこみます。⁠絶賛掲載中🆙ストーリーズでcheck‼️してくださいね🌙https://yoi.shueisha.co.jp/horoscope/moonsign/second-half-2025/LINE VOOM,37657,14373,1286,-,-, 
2025/06/13 11:56,572867344🌙keiko's Message🌙🔮anan    占い特集🔮Keiko 登場🆙❤️激動の2025年後半を読み解きます🌈Keikoの月星座が映し出す変革の序章と、理想のあなたへの道標🛣️社会全体が揺らぐときこそ、月星座が“迷い”をチャンスに変える鍵🔑💜月星座別アドバイス💜で理想の自分へ一歩前進✨✨絶賛発売中✨https://amzn.asia/d/33Ij165LINE VOOM,37663,16581,1204,-,-, 
2025/06/12 07:00,572360734今年の後半は、大惑星が逆行・サインが逆戻りし、社会レベルで大混乱。私達のココロにも大きく揺さぶりがかかります。でも今のうちから準備しておけば大丈夫。この大惑星逆行期間を乗り切る方法をお伝えします。https://www.ks-selection.com/blog/astro_news/2025_retrograde/?utm_source=line&utm_medium=social&utm_campaign=keiko,37677,20255,5053,-,-, 
2025/06/10 16:43,560231383新月・満月のパワーウィッシュ　願いを叶える、Keiko出演の開運動画スタート！,37677,19922,1201,-,-, 
2025/06/10 10:05,572357518✨🌙keiko's Message🌙✨「keiko的ムーンウェルネスな日々」🌙本日🌙6月10日✨蟹座木星期スタート！🌟木星＝ラッキースターが蟹座♋️へ。この移動は、運の流れ✨がガラリと変わるサイン🩵あなたにとっての”安心”や”ホーム”をテーマに、これから1年の運を引き寄せるチャンス🌈【✨蟹座木星期✨に注目すべきポイント📝】詳しくはポッドキャストで🎧https://creators.spotify.com/pod/show/keiko-moonwellness/episodes/ep-e33r8kaLINE VOOM,37679,15163,1971,-,-, 
2025/06/09 20:01,"572012226まもなく蟹座木星期！木星移動直後のパワフルなエネルギーを受け取るなら、ムーンウォーターを使ったアクティベーションセレモニーにトライしてみてくださいね。https://moon.ks-selection.com/moonsign/new_fullmoon/ceremonycancer2025/?utm_source=line&utm_medium=social&utm_campaign=keiko""",37684,18109,3372,-,-, 
2025/06/09 18:31,572357400✨🌙keiko's Message🌙✨「keiko的ムーンウェルネスな日々」ムーンウェルネスアンバザダーの小川奈緒さん　のコラムUP🆙🌙無理なく自然に体を整えるには月のサイクルを利用する🌙健康的に見られることが多いけれど、実は今でも体重に一喜一憂。ヨガやパワーウィッシュを続けるうちに、月🌙のサイクルが「自分ごと」になり、体と月のリズムで、もっと自然体に✨そんな気づきを綴った小川奈緒さんの記事、公開中🌈皆様ぜひご覧ください❤️https://moonwellness.co.jp/blogs/column/ogawa_250530LINE VOOM,37688,10474,547,-,-, 
2025/06/06 09:53,571896790✨🌙keiko's Message🌙✨「keiko的ムーンウェルネスな日々」Podcast（ポッドキャスト）にて、ラジオ配信を開始中📻Podcast Ep.10 配信スタート！✨本日公開✨「私には何の強みもない」「何をしていいかわからない」──そんなふうに悩んだことはありませんか？今回のゲストは、Voicy「身軽になれるラジオ」で人気のあやじまさん@aya.jimaインフルエンサー、政治家向けSNSコンサルタントとして活躍する彼女に、“自分の強み🌈を見つけるヒント”を語っていただきました。迷いや不安を乗り越えたリアルな体験談は、きっと今のあなたに響くはず✨詳しい解説はポッドキャストで公開中！🔗https://creators.spotify.com/pod/show/keiko-moonwellness/episodes/ep-e33r3pu,37704,19959,802,-,-, 
2025/06/02 10:05,571291441🌔Harper's BAZAAR🌖 @harpersbazaarjapan月星座でよみとく✨Keikoの新月満月占い✨【月星座別】2025年6月1日～15日の運勢 🌕6/10 木星が双子座から蟹座へシフト✨🌕6/11 射手座♐️満月で“木星パワー”スパーク✨🛑6/13 土星がブレーキ。「勢い＋安全確認」の絶妙ラインを❣️6月前半の運勢を参考にますます運気アップ⤴️していきましょう💖絶賛公開中☪️皆様ぜひご覧ください✨https://www.harpersbazaar.com/jp/horoscopes/moon-power/a60302867/moon-astrology-top/LINE VOOM,37721,11938,1952,-,-, 
2025/05/30 18:02,570721494『Keikoさんが教える🌙ムーンウェルネス🌙6月の新月🌑&満月🌕を狙う『開運お出かけスポット』✨6月の新月旅✨（５月２７日　双子座♊️新月🌚）✨6月の満月旅✨（６月１１日　射手座♐️満月🌕）るるぶ&moreにて🌟絶賛公開中🌟https://rurubu.jp/andmore/article/20959LINE VOOM,37729,17728,887,-,-, 
2025/05/29 18:25,570742846✨🌙keiko's Message🌙✨「keiko的ムーンウェルネスな日々」Podcast（ポッドキャスト）にて、ラジオ配信を開始中📻Podcast Ep.09 配信スタート！✨本日公開✨🌌2025年7月、何が起こる？🌌巷でささやかれる“2025年7月の異変”──実は、天空の動きから見ても【要注意】なタイミング。7月7日、革命の星・天王星が双子座へと移動。そのとき何が起こるのか？どう備えるべきか？🔮Keikoがポッドキャストで徹底解説！📻今すぐ聴く▶️@Keiko_MoonWellness のプロフィールリンクから🎧詳しい解説はポッドキャストで公開中！🔗https://creators.spotify.com/pod/show/keiko-moonwellness/episodes/20252025-e33efddLINE VOOM,37739,8578,933,-,-, 
2025/05/29 10:30,570658272keiko's Message🌙集英社「yoi」@yoi_mediahttps://www.instagram.com/yoi_media/✨6月の運勢 ✨Keikoの月星座占い🔮6/10 木星が蟹座入りで「安心感」がテーマに🦀6/21 夏至＋太陽も蟹座へ☀️ 家族＆暮らしを整えるチャンス逆行中は冥王星だけ→今すぐ動くと好スタート！🚀もっと詳しい月星座別アドバイスは yoi の6月占いへ👇https://yoi.shueisha.co.jp/horoscope/moonsign/monthly-2025-6/LINE VOOM,37746,13016,1329,-,-, 
2025/05/28 20:15,569894802ラッキースター木星がいよいよ蟹座へ移動！蟹座木星期の1年間、私たちが運を引き寄せるコツをKeikoが解説します！https://moon.ks-selection.com/moonsign/astro_news/jupiter_in_cancer2025/?utm_source=line&utm_medium=social&utm_campaign=keiko,37748,17821,4420,-,-, 
2025/05/27 10:06,570353786✨🌙keiko's Message🌙✨「keiko的ムーンウェルネスな日々」ムーンウェルネスアンハザダーのArisaさん　@https://x.gd/Tgcvtのコラムがアップされました。ビジュアライゼーション【未来を引き寄せる4ステップ】✍️ 書く （パワーウィッシュ）→ 🔊 声に出す → 🧘‍♀️ 心で読む → 🎞️ イメージする理想の未来を先取りの仕方など熱く語ってくださっています。皆様ぜひご覧ください❤️https://moonwellness.co.jp/column/column_arisa.htmlLINE VOOM,37760,15228,820,-,-, 
2025/05/26 12:05,560231317新月・満月のパワーウィッシュ　願いを叶える、Keiko出演の開運動画スタート！,37760,18954,1015,-,-, 
2025/05/25 10:05,570078212✨🌙keiko's Message🌙✨「keiko的ムーンウェルネスな日々」Podcast（ポッドキャスト）にて、ラジオ配信を開始中📻Podcast Ep.08 配信スタート！✨本日公開✨【情報の取捨選択、どうしてる？】SNSやニュースの波に疲れたら、Keiko式“3フィルター”で💡YESだけを残して、心を軽く🌙あなたの基準は？ コメントで教えてね📝詳しい解説はポッドキャストで公開中！🔗https://creators.spotify.com/pod/show/keiko-moonwellness/episodes/Keiko-e339pjc━━━━━━━━━━━━━━LINE VOOM,37790,13863,729,-,-, 
2025/05/24 20:08,570078139🌙Keikoの月星座占い・特別オンラインイベント開催決定✨📅 6月5日(木) 19:00〜テーマは――「2025年下半期を読み解くムーンウェルネスセッション」集英社 yoi の大人気連載〈Keikoの月星座占い〉が、yoiコミュニティ会員限定でオンラインイベントに！月星座から“下半期の追い風”を先取りし、恋愛・仕事・お金のチャンスを余すことなくキャッチしましょう🌠⸻参加ポイント 1. 半年先の運勢を先行チェック 2. ライブならではのQ&Aタイム 3. 参加者限定・開運ワークシート付き⸻詳しくはこちら💜https://yoi.shueisha.co.jp/information/notice/9588/💌 みなさまと宇宙トークでお会いできるのを楽しみにしています！#Keikoの月星座占い #ムーンウェルネス #yoi #オンラインイベント #開運 #2025年下半期 #宇宙と足並みLINE VOOM,37801,8981,781,-,-, 
2025/05/15 18:01,568790254🌔Harper's BAZAAR🌖 https://www.instagram.com/harpersbazaarjapan/月星座でよみとく✨Keikoの新月満月占い✨【月星座別】2025年5月15日～31日の運勢 5月27日      12:04✨双子座♊️新月⭐️言葉が未来を創るとき⭐️「誰に」「何を」「どう伝えるか」が運命を動かす鍵🔑何気ない一言が人生を変える…そんな“言霊”が現実を動かすタイミング💜今こそ、月のリズムにのって言葉のチカラを味方に🎖️5月後半の運勢を参考にますます運気アップ⤴️していきましょう💖絶賛公開中☪️皆様ぜひご覧ください✨https://www.harpersbazaar.com/jp/horoscopes/moon-power/a60302867/moon-astrology-top/LINE VOOM,37825,8902,1930,-,-, 
2025/05/15 10:12,568728816✨🌙keiko's Message🌙✨「keiko的ムーンウェルネスな日々」Podcast（ポッドキャスト）にて、ラジオ配信を開始中📻Podcast Ep.07 配信スタート！【待つより、仕掛け⭐️】5月18日、太陽🌞と天王星✨が重なるスペシャルデー💜が到来。この一年に一度のタイミング✨“何かが起きるのを待つ”のではなく、“何かを起こす”側に！月や星のエネルギーは、使ってこそ意味がある。人生を動かすのは、いつだって「自分からの一手」。行動の先にこそ、開運の扉が開きます！▼Podcastはこちらからhttps://creators.spotify.com/pod/show/keiko-moonwellness/episodes/ep-e32p67hLINE VOOM,37836,8912,581,-,-, 
2025/05/13 12:06,"568467472keiko's Message🌙✨STORY6月号　掲載🆙✨宇宙と足並みをそろえる服✨で、脱「イライラ「ダラダラ」💛潮田玲子さんと。月🌕の満ち欠け式""私にやさしい、、コーデ帖👔5月🗓️つい自分のことは後回しで、疲れが抜けない、体がだるい、気分が落ち込む⋯⋯⋯そんな経験はありませんか?実はそれ、月🌙の影響かもしれません。月の満ち欠け🌖は女性にとって影響力が強いもの。女性の体調や感情と切っても切れない関係にあるのが、月の影響。月の満ち欠け🌖を味方に🧡皆様是非チェックしてみてください💝絶賛掲載中📘https://amzn.asia/d/1MXE2QJLINE VOOM",37847,11289,1303,-,-, 
2025/05/12 01:55,560231245新月・満月のパワーウィッシュ　願いを叶える、Keiko出演の開運動画スタート！,37862,20789,1601,-,-, 
2025/05/10 10:01,568010144✨🌙keiko's Message🌙✨「keiko的ムーンウェルネスな日々」Podcast（ポッドキャスト）にて、ラジオ配信を開始中📻Podcast Ep.06 配信スタート！💛人間関係は「伝えること」から始まる！💛うまく伝わらない…そんな悩み、ありませんか？関係がこじれるのも、深まるのも、「伝え方」次第。Voicy「家が好きになるラジオ」でおなじみ、✨エッセイスト・小川奈緒さんhttps://www.instagram.com/nao_tabletalkと一緒に、“伝える”を見つめなおします。▼Podcastはこちらからhttps://creators.spotify.com/pod/show/keiko-moonwellness/episodes/ep-e32hojqLINE VOOM,37878,13795,832,-,-, 
